,city,energy_star_score_2014,energy_star_score_2015,energy_star_score_2016,eui_2014,eui_2015,eui_2016,gba,id,prop_type,year_built,zip
0,Chicago,64.0,40.0,40.0,72.0,138.8,131.3,335281.0,250150,Office,1912,60654
1,Chicago,1.0,1.0,3.0,302.0,311.5,288.8,373995.0,250138,Hospital (General Medical & Surgical),1981,60615
2,Chicago,85.0,88.0,86.0,89.0,84.7,88.6,1129407.0,250134,Office,1924,60604
3,Chicago,80.0,80.0,82.0,61.0,64.5,61.0,1506959.0,250129,Office,2007,60654
4,Chicago,16.0,12.0,9.0,227.0,234.7,256.1,1205371.0,250128,Hospital (General Medical & Surgical),2013,60637
5,Chicago,12.0,10.0,100.0,251.0,251.3,92.3,430772.0,250127,Hospital (General Medical & Surgical),1983,60637
6,Chicago,,,,206.0,201.1,234.1,538062.0,250126,Ambulatory Surgical Center,1996,60637
7,Chicago,3.0,30.0,42.0,326.0,227.4,218.2,394171.0,250125,Hospital (General Medical & Surgical),2006,60637
8,Chicago,83.0,84.0,81.0,74.0,73.4,83.1,488322.0,250124,Office,1927,60637
9,Chicago,76.0,36.0,35.0,62.0,162.1,172.9,411500.0,250115,Office,1911,60602
10,Chicago,6.0,13.0,12.0,163.0,154.4,151.6,430443.0,250056,K-12 School,1975,60607
11,Chicago,90.0,98.0,97.0,57.0,45.6,49.5,248453.0,250055,K-12 School,1928,60625
12,Chicago,82.0,86.0,82.0,61.0,58.9,65.1,388970.0,250053,K-12 School,1939,60634
13,Chicago,66.0,90.0,92.0,80.0,60.4,63.6,398320.0,250052,K-12 School,1934,60634
14,Chicago,19.0,26.0,40.0,117.0,109.6,99.2,284691.0,250051,K-12 School,2003,60620
15,Chicago,66.0,85.0,77.0,60.0,50.0,54.1,345406.0,250048,K-12 School,1957,60638
16,Chicago,54.0,55.0,64.0,79.0,91.4,88.2,298432.0,168174,K-12 School,1928,60632
17,Chicago,63.0,87.0,89.0,80.0,70.2,72.2,341821.0,167562,K-12 School,1901,60614
18,Chicago,80.0,84.0,86.0,85.0,81.2,78.7,1327735.0,160438,Office,2009,60606
19,Chicago,,,,248.0,243.4,254.1,1008416.0,160196,Museum,1892,60603
20,Chicago,81.0,77.0,76.0,65.0,65.8,71.6,279320.0,160137,Office,1973,60607
21,Chicago,5.0,1.0,1.0,88.0,167.6,166.9,143342.0,250046,K-12 School,1968,60605
22,Chicago,13.0,24.0,22.0,99.0,105.7,112.5,255116.0,250038,K-12 School,1914,60628
23,Chicago,,,,167.0,191.2,186.4,496817.0,250004,College/University,2007,60621
24,Chicago,77.0,80.0,78.0,56.0,55.3,59.0,477123.0,250001,Office,1991,60602
25,Chicago,,,,93.0,101.3,93.0,611255.0,112638,Prison/Incarceration,1974,60612
26,Chicago,,,,464.0,345.1,469.3,479503.0,110848,Laboratory,2005,60637
27,Chicago,,,,156.0,143.9,143.9,4570176.0,109613,Prison/Incarceration,1926,60608
28,Chicago,69.0,87.0,91.0,121.0,71.6,61.4,289000.0,107850,Office,1926,60606
29,Chicago,85.0,70.0,11.0,33.0,39.7,128.2,272432.0,106819,K-12 School,1969,60615
30,Chicago,88.0,92.0,91.0,70.0,66.4,72.6,787045.0,101854,Office,1964,60606
31,Chicago,92.0,95.0,95.0,77.0,68.9,73.0,688275.0,101850,Office,1962,60601
32,Chicago,43.0,57.0,73.0,90.0,79.8,68.4,699446.5,101848,Office,1973,60606
33,Chicago,88.0,93.0,91.0,48.0,43.2,45.7,789024.0,101846,Office,1985,60606
34,Chicago,58.0,52.0,55.0,134.0,145.9,151.9,512369.0,101841,Office,1910,60604
35,Chicago,94.0,95.0,96.0,65.0,63.7,58.6,787045.0,101839,Office,1966,60606
36,Chicago,85.0,89.0,88.0,57.0,54.1,54.5,778325.0,101838,Office,2003,60606
37,Chicago,76.0,75.0,87.0,63.0,65.2,53.9,716245.0,101834,Office,1991,60606
38,Chicago,74.0,80.0,77.0,83.0,76.9,80.4,454346.0,101830,Office,2002,60661
39,Chicago,74.0,82.0,91.0,94.0,79.4,65.9,700059.0,101827,Office,1914,60602
40,Chicago,73.0,79.0,83.0,59.0,54.5,52.0,733118.0,101813,Office,1984,60601
41,Chicago,74.0,77.0,81.0,110.0,102.3,101.9,878884.0,101804,Office,1965,60611
42,Chicago,76.0,84.0,81.0,61.0,55.7,58.7,2059714.0,101801,Office,1981,60601
43,Chicago,69.0,70.0,73.0,69.0,70.0,68.2,874000.0,101799,Office,1981,60606
44,Chicago,73.0,82.0,88.0,107.0,96.9,91.1,976496.0,101798,Office,1968,60606
45,Chicago,90.0,94.0,95.0,62.0,61.3,61.8,1015129.0,101797,Office,1979,60601
46,Chicago,69.0,79.0,77.0,99.0,89.2,83.8,622883.0,101795,Office,1969,60611
47,Chicago,87.0,89.0,92.0,50.0,50.2,47.6,721992.0,101794,Office,1989,60606
48,Chicago,82.0,88.0,91.0,50.0,50.6,46.6,899237.0,101791,Office,1980,60603
49,Chicago,,,,85.0,79.59999999999998,78.5,621000.0,101790,Office,1927,60601
50,Chicago,72.0,80.0,83.0,64.0,59.0,58.7,1001834.0,101789,Office,1982,60606
51,Chicago,80.0,89.0,87.0,58.0,47.1,53.2,1012961.0,101788,Office,1982,60606
52,Chicago,98.0,,90.0,74.0,88.7,95.3,979270.0,101787,Office,1918,60606
53,Chicago,85.0,82.0,77.0,63.0,68.6,68.7,2662457.0,101770,Office,1983,60606
54,Chicago,83.0,81.0,85.0,53.0,56.2,53.9,1153218.0,101765,Office,1992,60601
55,Chicago,81.0,85.0,87.0,90.0,80.5,77.6,1541766.0,101762,Courthouse,1965,60602
56,Chicago,79.0,82.0,83.0,74.0,68.3,67.5,1392096.0,101760,Office,1989,60601
57,Chicago,90.0,90.0,87.0,72.0,72.2,63.4,3176860.0,101757,Mixed Use Property,1975,60604
58,Chicago,53.0,52.0,55.0,109.0,109.1,111.6,638592.0,101756,Office,1906,60602
59,Chicago,53.0,58.0,57.0,123.0,117.5,120.1,1526102.0,101755,Office,1974,60603
60,Chicago,84.0,86.0,91.0,92.0,89.9,87.0,1237455.0,101753,Office,1971,60606
61,Chicago,81.0,81.0,78.0,68.0,68.4,70.4,1200836.0,101745,Office,1992,60601
62,Chicago,77.0,78.0,78.0,91.0,92.0,95.3,1603374.0,101744,Office,2001,60606
63,Chicago,44.0,48.0,51.0,112.0,111.0,108.0,1200000.0,101742,Office,1985,60601
64,Chicago,83.0,84.0,84.0,58.0,58.6,59.0,942732.0,101739,Office,2005,60603
65,Chicago,77.0,78.0,80.0,84.0,83.2,81.0,2218838.0,101738,Office,2010,60601
66,Chicago,79.0,82.0,87.0,77.0,74.8,72.3,1687710.0,101736,Office,2005,60606
67,Chicago,82.0,87.0,82.0,73.0,59.1,75.8,1841736.0,101735,Retail Store,1879,60602
68,Chicago,71.0,74.0,78.0,97.0,92.2,83.8,741315.0,101733,Office,1929,60606
69,Chicago,90.0,91.0,92.0,84.0,84.0,81.8,1809140.0,101731,Office,1928,60604
70,Chicago,77.0,81.0,86.0,75.0,70.6,70.0,1222281.0,101729,Financial Office,2004,60661
71,Chicago,73.0,85.0,81.0,72.0,58.1,68.4,1855810.0,101727,Office,1986,60661
72,Chicago,85.0,89.0,90.0,52.0,51.5,51.6,1153491.0,101722,Office,1992,60661
73,Chicago,77.0,80.0,82.0,96.0,97.6,99.0,1652550.0,101720,Office,2002,60603
74,Chicago,72.0,74.0,75.0,67.0,65.7,66.3,1515404.3,101718,Office,1981,60602
75,Chicago,64.0,69.0,70.0,90.0,90.4,96.2,1674462.0,101717,Office,1972,60603
76,Chicago,71.0,78.0,81.0,70.0,64.1,62.4,1433821.0,101716,Office,1990,60606
77,Chicago,79.0,77.0,72.0,63.0,66.3,71.6,2960211.0,101715,Office,1989,60606
78,Chicago,84.0,82.0,92.0,95.0,95.7,85.5,3193966.0,101713,Office,1972,60601
79,Chicago,,,,76.0,75.3,71.4,1742899.0,101709,Office,1929,60606
80,Chicago,74.0,84.0,75.0,86.0,59.1,88.1,1215747.0,101708,Office,1972,60601
81,Chicago,73.0,85.0,74.0,89.0,58.1,86.5,1281847.0,101707,Office,1969,60601
82,Chicago,,,,136.0,124.6,126.8,273613.0,101686,Strip Mall,1958,60656
83,Chicago,82.0,85.0,87.0,59.0,57.2,55.9,676939.0,101682,Office,1985,60631
84,Chicago,31.0,36.0,38.0,246.0,237.4,237.5,1096075.0,101681,Hospital (General Medical & Surgical),1953,60631
85,Chicago,75.0,76.0,66.0,77.0,81.5,96.8,417395.0,101679,Office,1980,60631
86,Chicago,72.0,77.0,72.0,68.0,65.1,70.8,441327.0,101674,Office,1983,60631
87,Chicago,,,,45.0,40.9,39.4,517424.0,101569,Adult Education,1893,60605
88,Chicago,97.0,98.0,99.0,47.0,46.1,45.4,496749.0,101567,Office,1890,60604
89,Chicago,,,,64.0,64.0,62.1,701699.0,101562,College/University,1910,60604
90,Chicago,70.0,62.0,67.0,95.0,102.4,100.6,644389.0,101560,Office,1912,60605
91,Chicago,90.0,92.0,93.0,46.0,43.4,41.7,828102.0,101559,Office,1991,60604
92,Chicago,,,,86.0,85.1,91.4,9245333.0,101551,Convention Center,1971,60616
93,Chicago,31.0,32.0,24.0,229.0,233.3,250.8,750000.0,101547,Hospital (General Medical & Surgical),1968,60616
94,Chicago,,,,35.0,33.9,96.4,544380.0,101492,College/University,1993,60634
95,Chicago,,,,481.0,464.3,464.5,376735.0,158868,Laboratory,2009,60637
96,Chicago,79.0,80.0,84.0,80.0,76.3,72.6,264980.0,158438,Office,1962,60611
97,Chicago,87.0,87.0,87.0,69.0,69.7,73.6,251826.0,158405,Office,1958,60606
98,Chicago,,,,157.0,60.2,59.2,284000.0,158403,College/University,1992,60661-3061
99,Chicago,65.0,62.0,87.0,76.0,80.7,64.0,1085869.0,158184,Office,1980,60603
100,Chicago,85.0,83.0,85.0,69.0,70.3,73.0,1364257.0,158133,Office,2009,60654
101,Chicago,74.0,83.0,,74.0,67.4,142.5,2429909.0,158121,Financial Office,1967,60603
102,Chicago,88.0,95.0,95.0,50.0,42.4,45.3,252250.0,158088,Office,1969,60631
103,Chicago,,,,96.0,94.2,85.7,756640.0,157964,Library,1991,60605
104,Chicago,62.0,72.0,68.0,207.0,188.1,205.3,346894.0,157832,Hospital (General Medical & Surgical),1955,60634
105,Chicago,71.0,83.0,84.0,75.0,66.3,74.3,319900.0,157767,K-12 School,1927,60625
106,Chicago,26.0,57.0,59.0,93.0,94.3,96.0,290134.0,157011,K-12 School,2005,60623
107,Chicago,,,,129.0,179.0,180.0,1148726.0,105864,Other - Entertainment/Public Assembly,1914,60611
108,Chicago,75.0,83.0,83.0,100.0,89.9,89.0,1930764.0,103816,Office,1971,60611
109,Chicago,86.0,89.0,91.0,92.0,89.1,84.1,330217.0,103815,Office,1928,60661
110,Chicago,,,,103.0,90.2,91.7,383007.0,103798,Office,1923,60611
111,Chicago,92.0,93.0,95.0,76.0,74.9,69.2,359409.0,103781,Office,1969,606114594
112,Chicago,30.0,37.0,36.0,302.0,293.1,295.1,412000.0,103778,Hospital (General Medical & Surgical),1952,60640
113,Chicago,60.0,68.0,75.0,112.0,88.1,87.8,282343.0,103766,Office,1969,60654
114,Chicago,35.0,31.0,,91.0,92.3,78.0,393839.0,103761,Office,2000,60654
115,Chicago,,,,432.0,432.8,424.7,362800.0,103748,Laboratory,1977,60611
116,Chicago,70.0,91.0,93.0,100.0,86.4,85.0,372137.0,103743,Office,1966,60602
117,Chicago,79.0,82.0,81.0,59.0,56.3,53.2,433246.0,103739,Office,1981,60602
118,Chicago,41.0,58.0,48.0,96.0,81.2,142.5,310839.0,103733,Office,1969,60631
119,Chicago,68.0,72.0,70.0,76.0,71.1,72.2,337879.0,103721,Office,1886,60604
120,Chicago,89.0,91.0,92.0,56.0,54.0,52.6,776691.0,103711,Office,1978,60602
121,Chicago,89.0,91.0,91.0,79.0,74.4,75.8,821526.0,103699,Office,1965,60602
122,Chicago,54.0,84.0,88.0,110.0,112.1,112.7,471436.0,103698,Office,2008,60602
123,Chicago,78.0,80.0,80.0,74.0,70.8,69.3,1248730.0,103696,Office,2004,60606
124,Chicago,58.0,54.0,54.0,116.0,120.4,123.2,1274198.0,103692,Office,1974,60604
125,Chicago,91.0,94.0,91.0,66.0,68.5,74.3,1114203.0,103687,Office,1903,60603
126,Chicago,74.0,77.0,70.0,82.0,78.09999999999998,72.6,829068.0,103685,Office,1910,60602
127,Chicago,62.0,53.0,58.0,116.0,135.8,134.2,675000.0,103684,Medical Office,1980,60611
128,Chicago,71.0,80.0,79.0,76.0,73.2,62.8,1222064.0,103679,Office,1983,60606
129,Chicago,80.0,83.0,86.0,87.0,90.3,86.0,580000.0,103664,Financial Office,1963,60603
130,Chicago,,,,63.0,62.6,65.2,4101281.0,103656,Office,1930,60654
131,Chicago,72.0,69.0,49.0,110.0,116.1,101.8,1883966.0,103653,Office,1975,60654
132,Chicago,64.0,63.0,60.0,85.0,84.7,82.8,1157744.0,103651,Office,1984,60605
133,Chicago,68.0,70.0,71.0,122.0,114.4,116.4,1547120.0,103647,Office,1934,60603
134,Chicago,80.0,83.0,84.0,63.0,63.2,62.3,760086.0,103645,Office,1985,60601
135,Chicago,47.0,60.0,73.0,85.0,76.2,64.6,698645.0,103644,Office,1984,60601
136,Chicago,80.0,80.0,83.0,102.0,102.8,101.4,857412.0,103643,Office,1972,60601
137,Chicago,81.0,85.0,79.0,86.0,77.4,85.6,554777.0,103640,Office,1929,60602-3902
138,Chicago,81.0,83.0,83.0,103.0,97.0,98.5,518217.0,103639,Office,1930,60601
139,Chicago,,,,109.0,118.5,120.6,1300557.0,103638,Mixed Use Property,1921,60605
140,Chicago,,,,87.0,82.6,85.4,380371.0,103634,College/University,1928,60604
141,Chicago,70.0,69.0,57.0,199.0,210.3,228.3,2200000.0,103632,Hospital (General Medical & Surgical),1999,60654
142,Chicago,18.0,20.0,17.0,290.0,285.7,293.1,1802093.0,103630,Hospital (General Medical & Surgical),2002,60612
143,Chicago,,,,57.0,54.8,68.0,275000.0,103620,Automobile Dealership,2008,60642
144,Chicago,52.0,55.0,54.0,205.0,211.2,210.8,945000.0,103615,Hospital (General Medical & Surgical),2007,60611
145,Chicago,34.0,46.0,49.0,244.0,231.0,226.5,1250000.0,103614,Hospital (General Medical & Surgical),2012,60611
146,Chicago,64.0,64.0,71.0,114.0,111.7,114.3,490273.0,103611,Office,1927,60603
147,Chicago,97.0,94.0,93.0,44.0,47.2,48.8,406780.0,103608,Office,1911,60616
148,Chicago,36.0,55.0,66.0,110.0,86.6,90.3,4518811.0,103606,Office,1973,60606
149,Chicago,86.0,86.0,88.0,55.0,56.0,54.6,1028492.0,103604,Office,1983,60661
150,Chicago,78.0,79.0,80.0,70.0,71.40000000000002,73.3,882560.0,103602,Office,1985,60603
151,Chicago,91.0,91.0,91.0,69.0,67.0,71.1,760892.0,103601,Office,1929,60603
152,Chicago,67.0,71.0,72.0,66.0,64.8,65.5,871962.0,103600,Office,1986,60603
153,Chicago,85.0,93.0,88.0,54.0,43.5,53.5,1217630.0,103598,Office,1986,60601
154,Chicago,66.0,64.0,66.0,101.0,102.8,99.4,433994.0,103596,Office,2001,60661
155,Chicago,65.0,71.0,72.0,128.0,115.2,104.0,1559956.0,103595,Office,1930,60604
156,Chicago,71.0,76.0,82.0,94.0,94.0,89.9,1006126.0,103594,Office,1988,60611
157,Chicago,,,,133.0,120.1,114.5,1170487.0,102585,College/University,1971,60628-1598
158,Chicago,,,,75.0,70.1,65.2,397700.0,102544,College/University,1981,60628
159,Chicago,57.0,66.0,50.0,245.0,241.7,260.2,367669.0,102532,Hospital (General Medical & Surgical),1960,60617
160,Chicago,,,,58.0,58.8,59.3,1211750.0,102460,Museum,1893,60637
161,Chicago,,,,118.0,100.3,113.8,419312.0,102455,College/University,2004,60637
162,Chicago,,,,166.0,141.5,153.1,604950.0,102452,Library,1971,60637
163,Chicago,46.0,28.0,30.0,104.0,131.1,138.0,291204.0,102409,K-12 School,1912,60660
164,Chicago,85.0,91.0,93.0,60.0,58.6,64.9,266099.0,102365,K-12 School,1898,60613
165,Chicago,15.0,25.0,24.0,66.0,60.5,64.2,713935.0,102363,K-12 School,1932,60618
166,Chicago,,,,52.0,52.1,53.7,954142.0,102332,College/University,1976,60640
167,Chicago,2.0,2.0,2.0,69.0,68.5,84.9,260140.0,102331,K-12 School,1971,60613
168,Chicago,80.0,81.0,83.0,83.0,86.7,92.5,455800.0,102309,K-12 School,1910,60641
169,Chicago,89.0,95.0,94.0,172.0,158.5,156.1,1335452.0,102285,Hospital (General Medical & Surgical),1908,60657
170,Chicago,36.0,46.0,47.0,235.0,227.6,230.0,681807.0,102283,Hospital (General Medical & Surgical),1960,60657
171,Chicago,83.0,88.0,88.0,67.0,66.0,71.4,2751035.0,102157,Office,1972,60601
172,Chicago,,,,249.0,262.6,232.8,302780.0,102079,Fitness Center/Health Club/Gym,1980,60654
173,Chicago,81.0,75.0,88.0,75.0,85.9,74.7,309652.0,101988,Office,1929,60606
174,Chicago,70.0,78.0,78.0,65.0,62.1,60.4,464592.0,101987,Office,1970,60603
175,Chicago,,,,422.0,57.9,53.8,345300.0,101980,College/University,1983,60601
176,Chicago,,,,92.0,86.7,93.9,371257.0,101975,College/University,1930,60604
177,Chicago,73.0,82.0,82.0,120.0,114.9,117.9,265117.0,101972,Office,1970,60606
178,Chicago,,,,96.0,97.9,93.8,306560.0,101971,College/University,2004,60611
179,Chicago,68.0,82.0,86.0,114.0,94.9,91.3,300971.0,101961,Office,1958,60603
180,Chicago,85.0,89.0,88.0,66.0,63.6,67.2,409072.0,101958,Office,1914,60602
181,Chicago,44.0,49.0,46.0,137.0,125.3,124.4,259000.0,101954,Office,1914,60602
182,Chicago,,,72.0,95.0,95.4,94.1,529401.0,101950,Office,1910,60604
183,Chicago,67.0,85.0,83.0,73.0,55.9,57.6,345450.0,101943,Office,1987,60606
184,Chicago,54.0,70.0,66.0,82.0,67.8,71.2,390965.0,101935,Office,1968,60611
185,Chicago,79.0,82.0,83.0,56.0,56.2,57.8,1025053.0,101934,Office,1987,60654
186,Chicago,78.0,83.0,82.0,101.0,89.1,91.1,421232.0,101929,Office,1958,60604
187,Chicago,89.0,91.0,92.0,71.0,68.8,67.0,362261.7,101924,Office,2001,60607
188,Chicago,88.0,86.0,84.0,59.0,64.9,68.8,434052.0,101913,Office,2004,60661
189,Chicago,85.0,88.0,92.0,68.0,64.9,57.2,392503.0,101912,Office,2000,60661
190,Chicago,78.0,80.0,80.0,72.0,71.90000000000002,71.7,445145.0,101910,Office,1920,60601
191,Chicago,68.0,72.0,69.0,68.0,64.2,67.2,539705.0,101907,Office,1987,60606
192,Chicago,86.0,90.0,89.0,75.0,71.90000000000002,77.7,412504.0,101891,Office,1904,60604
193,Chicago,77.0,84.0,85.0,98.0,89.1,80.7,354146.0,101889,Office,1928,60601
194,Chicago,85.0,83.0,85.0,57.0,58.4,56.4,509038.0,101887,Office,2006,60661
195,Chicago,94.0,94.0,94.0,45.0,44.1,48.2,488324.0,101881,Office,1914,60602
196,Chicago,77.0,79.0,90.0,112.0,98.0,86.1,545162.0,101878,Office,1971,60606
197,Chicago,36.0,38.0,41.0,147.0,148.6,141.9,451233.0,101876,Office,1963,60604
198,Chicago,52.0,44.0,49.0,77.0,87.8,86.6,517115.0,101874,Office,1976,60611
199,Chicago,77.0,84.0,83.0,60.0,55.4,57.3,587815.0,101871,Office,1986,60606
200,Chicago,83.0,85.0,87.0,80.0,80.09999999999998,79.5,600713.0,101868,Office,1971,60606
201,Chicago,63.0,75.0,88.0,68.0,59.0,46.4,650364.0,101867,Office,1974,60606
202,Chicago,84.0,86.0,82.0,92.0,86.1,89.6,1281114.0,101865,Office,1971,60606
203,Chicago,80.0,83.0,78.0,77.0,74.7,79.1,663093.0,101862,Office,1980,60606
204,Chicago,76.0,83.0,83.0,116.0,100.4,100.5,671697.0,101856,Office,1962,606043589
205,Chicago,92.0,94.0,92.0,86.0,86.6,89.7,458947.0,101038,Office,2006,60608
206,Chicago,4.0,9.0,6.0,285.0,266.9,288.1,4098526.0,100867,Hospital (General Medical & Surgical),1982,60612
207,Chicago,82.0,82.0,83.0,50.0,51.5,52.1,527238.0,100730,Office,2000,60607
208,Chicago,66.0,62.0,59.0,87.0,92.5,73.6,744282.0,100729,Office,1989,60607
209,Chicago,85.0,90.0,93.0,81.0,68.0,42.9,394230.0,100447,Office,1965,60611
210,Chicago,38.0,46.0,44.0,255.0,245.3,253.2,693154.0,100433,Hospital (General Medical & Surgical),1976,60622
211,Chicago,70.0,95.0,99.0,83.0,44.6,34.3,269480.0,100418,K-12 School,1921,60643
212,Chicago,68.0,73.0,79.0,80.0,82.0,81.1,250000.0,100396,K-12 School,1960,60620
213,Chicago,,,,62.0,58.9,61.1,501591.0,100395,College/University,1970,60652
214,Chicago,78.0,79.0,83.0,66.0,73.09999999999998,75.0,305788.0,100332,K-12 School,1917,60636
215,Chicago,19.0,32.0,50.0,93.0,90.6,83.6,415577.0,100256,K-12 School,1990,60632
216,Chicago,75.0,80.0,84.0,200.0,197.5,194.6,309056.0,100001,Hospital (General Medical & Surgical),1928,60622
217,Philadelphia,77.0,77.0,83.0,75.5,78.9,72.4,1117466.0,16288,Office,1987,19103.0
218,Philadelphia,76.0,78.0,83.0,73.4,71.6,64.4,1148906.0,16290,Office,1992,19102.0
219,Philadelphia,83.0,83.0,85.0,76.9,76.2,70.7,751503.0,19331,Office,1986,19103.0
220,Philadelphia,98.0,92.0,88.0,57.3,65.0,62.8,721408.0,26081,Office,1981,19103.0
221,Philadelphia,89.0,92.0,95.0,66.8,59.1,52.3,1178691.0,29230,Office,1973,19103.0
222,Philadelphia,61.0,61.0,57.0,54.1,50.9,56.8,1000500.0,1048989,Non-Refrigerated Warehouse,2000,19114.0
223,Philadelphia,79.0,78.0,80.0,82.8,80.3,78.3,1099385.0,1060573,Office,1968,19103.0
224,Philadelphia,54.0,62.0,55.0,198.7,197.7,197.8,1762546.0,1066282,Hospital (General Medical & Surgical),1966,19104.0
225,Philadelphia,84.0,87.0,88.0,63.8,60.1,55.3,503408.0,1339876,Medical Office,1973,19104.0
226,Philadelphia,75.0,79.0,81.0,79.7,78.3,77.2,663328.0,1439909,Office,1974,19103.0
227,Philadelphia,77.0,85.0,85.0,80.0,77.9,76.0,761162.0,1440658,Office,1975,19103.0
228,Philadelphia,88.0,88.0,88.0,73.7,70.4,69.3,322610.0,1452163,Office,1998,19106.0
229,Philadelphia,83.0,84.0,85.0,77.3,73.7,71.7,759072.0,1467329,Office,1984,19107.0
230,Philadelphia,72.0,72.0,72.0,74.0,73.6,72.9,564078.0,1476210,Office,1958,19102.0
231,Philadelphia,77.0,81.0,82.0,90.8,85.5,82.7,779497.0,1485471,Office,2006,19104.0
232,Philadelphia,88.0,93.0,91.0,74.0,67.3,60.8,1111787.0,1485500,Office,1983,19103.0
233,Philadelphia,72.0,83.0,86.0,96.0,81.9,75.3,808040.0,1485534,Office,1988,19103.0
234,Philadelphia,,,,67.3,66.0,63.1,52306.0,1489392,Office,1985,19104.0
235,Philadelphia,86.0,89.0,90.0,53.3,51.2,50.3,176234.0,1496733,Office,2005,19112.0
236,Philadelphia,73.0,73.0,79.0,81.7,80.9,73.3,535382.0,1516957,Office,1927,19106.0
237,Philadelphia,79.0,76.0,75.0,72.6,74.4,72.8,268266.0,1547807,Retail Store,2002,19148.0
238,Philadelphia,87.0,85.0,87.0,64.4,64.7,61.0,446882.0,1548013,Retail Store,2003,19116.0
239,Philadelphia,80.0,81.0,82.0,75.9,71.6,66.8,367782.0,1548255,Retail Store,2005,19134.0
240,Philadelphia,77.0,76.0,75.0,78.9,79.0,79.0,449031.0,1548288,Retail Store,2007,19131.0
241,Philadelphia,88.0,90.0,87.0,62.3,56.6,63.6,1834559.0,1134770,Mixed Use Property,1985,19106.0
242,Philadelphia,,,,475.9,478.0,465.7,178190.0,1182097,Mixed Use Property,1990,19116.0
243,Philadelphia,84.0,83.0,85.0,64.9,64.9,64.8,350577.0,1211433,Office,1925,19106.0
244,Philadelphia,79.0,76.0,83.0,82.8,82.0,77.3,1377698.0,1218039,Office,1990,19103.0
245,Philadelphia,73.0,66.0,66.0,227.9,244.1,239.2,50256.0,1260373,Supermarket/Grocery Store,2002,19152.0
246,Philadelphia,74.0,70.0,68.0,208.6,215.0,221.6,72048.0,1260382,Supermarket/Grocery Store,1997,19115.0
247,Philadelphia,70.0,75.0,69.0,228.8,226.0,235.7,52380.0,1260705,Supermarket/Grocery Store,1980,19149.0
248,Philadelphia,58.0,57.0,48.0,229.9,247.2,259.3,49514.0,1260775,Supermarket/Grocery Store,2003,19145.0
249,Philadelphia,,,72.0,89.1,79.5,79.5,897201.0,1269439,Office,1971,19103.0
250,Philadelphia,23.0,34.0,32.0,84.8,74.9,75.6,70644.0,1273629,Office,1951,19146.0
251,Philadelphia,,,,113.2,110.1,106.3,22230.0,1273633,Mixed Use Property,1951,19124.0
252,Philadelphia,86.0,89.0,91.0,63.8,56.5,47.6,567710.0,1297698,Office,1973,19106.0
253,Philadelphia,92.0,94.0,95.0,45.4,42.9,39.1,405240.0,1299442,Office,1973,19107.0
254,Philadelphia,,,,243.8,153.6,156.4,6800000.0,1328441,Other - Specialty Hospital,1974,19104.0
255,Philadelphia,56.0,79.0,64.0,86.8,64.2,81.2,59000.0,3330862,K-12 School,1952,19132.0
256,Philadelphia,67.0,69.0,87.0,58.9,57.2,47.3,101115.0,3330865,K-12 School,1968,19121.0
257,Philadelphia,46.0,48.0,56.0,53.5,52.5,46.0,82000.0,3330866,K-12 School,1905,19132.0
258,Philadelphia,79.0,89.0,95.0,60.5,50.5,40.7,55128.0,3330867,K-12 School,1915,19151.0
259,Philadelphia,25.0,24.0,22.0,95.0,91.1,92.6,109651.0,3330868,K-12 School,1940,19121.0
260,Philadelphia,67.0,64.0,84.0,77.5,80.2,58.9,67000.0,3330869,K-12 School,1952,19121.0
261,Philadelphia,18.0,21.0,24.0,56.2,53.7,48.6,72000.0,3330870,K-12 School,1966,19121.0
262,Philadelphia,40.0,46.0,58.0,83.2,79.5,67.2,94000.0,3330871,K-12 School,1937,19121.0
263,Philadelphia,43.0,30.0,45.0,82.5,98.1,82.0,144000.0,3330875,K-12 School,1928,19125.0
264,Philadelphia,13.0,11.0,12.0,76.1,79.3,74.6,140000.0,3330876,K-12 School,1917,19134.0
265,Philadelphia,2.0,12.0,39.0,140.4,153.1,105.0,108393.0,3330877,K-12 School,1926,19123.0
266,Philadelphia,67.0,56.0,37.0,59.1,59.4,66.7,131500.0,3330879,K-12 School,2002,19133.0
267,Philadelphia,77.0,73.0,85.0,98.1,104.3,86.5,55600.0,3330880,K-12 School,1926,19134.0
268,Philadelphia,47.0,55.0,44.0,82.9,75.2,84.0,53200.0,3330883,K-12 School,1932,19122.0
269,Philadelphia,62.0,66.0,72.0,90.2,85.5,79.7,408325.0,1567464,K-12 School,1925,19144.0
270,Philadelphia,,,,126.9,127.0,123.9,82452.0,1585726,Mixed Use Property,1974,19104.0
271,Philadelphia,80.0,83.0,86.0,71.0,61.8,56.8,1706638.0,1619606,Office,1902,19107.0
272,Philadelphia,89.0,84.0,89.0,58.7,63.4,56.4,710000.0,1637817,Office,1929,19103.0
273,Philadelphia,78.0,77.0,82.0,83.7,80.8,75.2,543134.0,1650661,Office,1964,19103.0
274,Philadelphia,74.0,75.0,66.0,75.1,73.6,83.1,2261321.5,1750694,Office,1974,19102.0
275,Philadelphia,,68.0,77.0,62.7,67.0,59.7,1503469.0,1750728,Office,1990,19103.0
276,Philadelphia,86.0,79.0,85.0,59.2,65.0,56.6,921746.0,1750750,Office,1983,19103.0
277,Philadelphia,77.0,82.0,85.0,98.6,91.6,85.4,1538959.0,1767519,Office,2008,19103.0
278,Philadelphia,,,,67.2,67.0,65.4,63316.0,1799464,Non-Refrigerated Warehouse,1925,19104.0
279,Philadelphia,74.0,76.0,76.0,58.3,58.7,59.2,1335092.0,1840857,Office,1987,19103.0
280,Philadelphia,43.0,51.0,46.0,99.1,93.3,95.9,735000.0,1946616,Hotel,1932,19107.0
281,Philadelphia,29.0,25.0,28.0,101.3,105.8,102.1,199600.0,1960820,Office,2008,19112.0
282,Philadelphia,57.0,54.0,57.0,306.9,325.4,316.5,59502.0,1973980,Supermarket/Grocery Store,1995,19153.0
283,Philadelphia,86.0,83.0,83.0,269.1,297.4,292.6,54844.0,1973983,Supermarket/Grocery Store,1990,19128.0
284,Philadelphia,94.0,89.0,69.0,255.8,288.6,271.8,68325.0,1973985,Supermarket/Grocery Store,2008,19131.0
285,Philadelphia,46.0,42.0,42.0,73.0,76.0,70.8,124000.0,2215089,Non-Refrigerated Warehouse,2000,19154.0
286,Philadelphia,73.0,73.0,77.0,47.1,46.5,43.4,65264.0,2344443,Retail Store,1978,19134.0
287,Philadelphia,67.0,69.0,71.0,88.2,87.0,83.8,349688.0,2384734,Hotel,1970,19106.0
288,Philadelphia,37.0,41.0,49.0,120.7,113.5,104.2,449021.0,2474727,Office,1998,19144.0
289,Philadelphia,100.0,100.0,100.0,108.0,116.9,122.8,613550.0,2492942,Hospital (General Medical & Surgical),1918,19143.0
290,Philadelphia,30.0,54.0,55.0,65.7,51.3,50.4,88717.0,2555977,Office,1920,19130.0
291,Philadelphia,37.0,37.0,37.0,247.8,248.1,248.5,873226.0,2561862,Hospital (General Medical & Surgical),1756,19104.0
292,Philadelphia,,,,223.2,204.7,178.9,217000.0,2704868,Other - Public Services,1924,19145.0
293,Philadelphia,,,,201.0,194.1,241.1,105000.0,2705460,Other - Public Services,1921,19149.0
294,Philadelphia,,,,169.7,151.9,152.0,213000.0,2705476,Other - Public Services,1913,19151.0
295,Philadelphia,7.0,7.0,7.0,314.4,313.8,307.7,1791804.0,2848103,Hospital (General Medical & Surgical),1913,19104.0
296,Philadelphia,,,,363.6,289.3,274.8,1761582.0,2848414,Mixed Use Property,2005,19104.0
297,Philadelphia,,,,66.6,65.5,66.1,79412.0,2849421,Residence Hall/Dormitory,1922,19107.0
298,Philadelphia,30.0,45.0,50.0,109.8,77.0,71.4,79233.0,2851085,Residence Hall/Dormitory,1923,19107.0
299,Philadelphia,,,,86.3,83.8,86.6,75000.0,2851911,College/University,1923,19147.0
300,Philadelphia,,,,70.4,68.8,68.2,53577.0,2858164,Residence Hall/Dormitory,1920,19102.0
301,Philadelphia,,,,60.9,58.4,56.0,138123.0,2858208,College/University,1916,19102.0
302,Philadelphia,54.0,62.0,55.0,200.0,196.3,199.4,1143882.0,2867268,Hospital (General Medical & Surgical),1922,19104.0
303,Philadelphia,,,,73.8,103.6,98.9,273901.0,2917145,College/University,1911,19107.0
304,Philadelphia,89.0,90.0,93.0,80.0,75.5,73.3,682705.0,2933141,Office,2013,19112.0
305,Philadelphia,93.0,98.0,98.0,74.5,64.3,61.1,323316.0,3330846,K-12 School,1926,19131.0
306,Philadelphia,16.0,8.0,9.0,70.2,85.3,85.2,180000.0,3330852,K-12 School,1972,19132.0
307,Philadelphia,57.0,65.0,55.0,83.2,69.7,74.2,85080.0,3330853,K-12 School,1972,19139.0
308,Philadelphia,20.0,22.0,44.0,108.5,103.0,79.8,59123.0,3330855,K-12 School,1924,19151.0
309,Philadelphia,35.0,33.0,39.0,72.1,70.1,62.7,81640.0,3330857,K-12 School,1971,19131.0
310,Philadelphia,56.0,57.0,68.0,63.0,65.4,58.9,91008.0,3330858,K-12 School,1962,19140.0
311,Philadelphia,90.0,87.0,93.0,55.5,59.9,45.9,90000.0,3330724,K-12 School,1965,19115.0
312,Philadelphia,73.0,72.0,69.0,53.6,54.7,53.5,88000.0,3330725,K-12 School,1967,19116.0
313,Philadelphia,36.0,63.0,80.0,65.4,58.0,59.0,170013.0,3330726,K-12 School,2011,19139.0
314,Philadelphia,74.0,79.0,89.0,96.3,89.1,73.9,312395.0,3330734,K-12 School,1938,19132.0
315,Philadelphia,29.0,23.0,34.0,77.4,85.0,75.9,71000.0,3330735,K-12 School,1954,19121.0
316,Philadelphia,21.0,27.0,28.0,129.0,121.6,114.0,56000.0,3330736,K-12 School,1949,19131.0
317,Philadelphia,67.0,67.0,49.0,68.5,73.1,89.4,104018.0,3330742,K-12 School,1980,19128.0
318,Philadelphia,38.0,44.0,42.0,68.3,64.9,66.3,74557.0,3330885,K-12 School,1930,19122.0
319,Philadelphia,57.0,61.0,72.0,45.4,43.9,37.8,108550.0,3330888,K-12 School,1969,19125.0
320,Philadelphia,46.0,39.0,29.0,57.4,60.0,63.8,85000.0,3330890,K-12 School,1968,19133.0
321,Philadelphia,21.0,12.0,15.0,89.6,101.5,95.8,70230.0,3330891,K-12 School,1927,19122.0
322,Philadelphia,29.0,27.0,52.0,74.2,76.0,62.5,74314.0,3330892,K-12 School,1970,19122.0
323,Philadelphia,48.0,54.0,61.0,94.7,87.5,85.7,79933.0,3330894,K-12 School,1969,19133.0
324,Philadelphia,12.0,17.0,32.0,70.5,65.8,56.0,80088.0,3330902,K-12 School,1970,19140.0
325,Philadelphia,1.0,1.0,3.0,146.4,130.7,101.9,61678.0,3330903,K-12 School,1922,19123.0
326,Philadelphia,86.0,84.0,86.0,44.9,44.6,43.6,114000.0,3330905,K-12 School,1997,19120.0
327,Philadelphia,37.0,33.0,43.0,67.8,67.4,64.2,92275.0,3330908,K-12 School,1968,19134.0
328,Philadelphia,13.0,23.0,31.0,84.4,69.9,64.3,119250.0,3330910,K-12 School,1997,19140.0
329,Philadelphia,20.0,17.0,25.0,95.6,92.8,82.0,98500.0,3330911,K-12 School,2004,19133.0
330,Philadelphia,26.0,43.0,49.0,123.7,102.5,96.2,212097.0,3330912,K-12 School,1939,19141.0
331,Philadelphia,86.0,84.0,92.0,74.4,78.8,62.1,240000.0,3330913,K-12 School,1924,19128.0
332,Philadelphia,24.0,40.0,44.0,104.3,93.0,88.6,370000.0,3330914,K-12 School,1972,19138.0
333,Philadelphia,15.0,20.0,65.0,118.5,109.4,58.4,80500.0,3330920,K-12 School,1949,19150.0
334,Philadelphia,2.0,15.0,34.0,196.4,128.8,101.8,74500.0,3330921,K-12 School,1926,19119.0
335,Philadelphia,9.0,16.0,13.0,118.4,103.1,113.1,38000.0,3330922,K-12 School,1899,19144.0
336,Philadelphia,84.0,90.0,92.0,76.7,67.5,65.9,1481088.0,3061663,Office,2010,19104.0
337,Philadelphia,,,,114.5,122.0,122.4,825000.0,3064021,Other,1996,19148.0
338,Philadelphia,48.0,59.0,60.0,120.2,103.4,100.6,70902.0,3107955,Medical Office,1980,19106.0
339,Philadelphia,86.0,84.0,84.0,60.7,63.0,61.0,351832.0,3114250,Retail Store,2009,19152.0
340,Philadelphia,,,,124.0,119.3,110.6,116264.0,3117089,Mixed Use Property,1876,19102.0
341,Philadelphia,61.0,64.0,64.0,154.0,154.7,155.4,272165.0,3117180,Hospital (General Medical & Surgical),1980,19146.0
342,Philadelphia,,,,132.8,87.8,88.7,757706.0,3122487,Office,1926,19107.0
343,Philadelphia,60.0,64.0,56.0,65.1,60.1,69.6,60000.0,3137016,Residence Hall/Dormitory,2010,19107.0
344,Philadelphia,26.0,36.0,15.0,116.6,107.8,161.7,60000.0,3155346,Residence Hall/Dormitory,1900,19103.0
345,Philadelphia,21.0,12.0,13.0,184.8,213.2,205.4,414000.0,3161456,Hotel,1980,19103.0
346,Philadelphia,39.0,37.0,40.0,75.0,71.9,67.6,58887.0,3229069,Non-Refrigerated Warehouse,1962,19146.0
347,Philadelphia,34.0,37.0,39.0,94.7,91.1,86.2,317000.0,3240346,Hotel,1986,19106.0
348,Philadelphia,43.0,14.0,42.0,95.5,136.3,137.0,919707.0,3254545,Financial Office,1976,19106.0
349,Philadelphia,83.0,82.0,80.0,70.4,66.2,69.2,1108655.0,3279877,Office,1932,19106.0
350,Philadelphia,8.0,9.0,8.0,183.4,190.0,189.1,74460.0,3306120,Medical Office,1989,19146.0
351,Philadelphia,36.0,37.0,36.0,83.3,83.6,82.6,117848.0,3321455,Office,1981,19104.0
352,Philadelphia,,,,106.3,104.3,101.9,90817.0,3325211,Office,1930,19104.0
353,Philadelphia,,,,78.5,79.9,57.7,189262.0,3325356,Office,1930,19104.0
354,Philadelphia,41.0,46.0,47.0,90.8,86.9,84.8,225688.0,3326513,Office,1975,19124.0
355,Philadelphia,18.0,24.0,39.0,105.6,98.7,80.4,59000.0,3330839,K-12 School,1925,19147.0
356,Philadelphia,38.0,51.0,62.0,87.4,76.2,66.5,73000.0,3330840,K-12 School,1906,19148.0
357,Philadelphia,78.0,91.0,92.0,55.6,41.1,40.2,138000.0,3330841,K-12 School,1909,19148.0
358,Philadelphia,45.0,70.0,63.0,99.4,74.9,81.4,66000.0,3330842,K-12 School,1916,19148.0
359,Philadelphia,38.0,41.0,70.0,88.1,84.5,62.2,54000.0,3498652,K-12 School,1924,19118.0
360,Philadelphia,49.0,59.0,57.0,52.6,49.4,52.0,74000.0,3498653,K-12 School,1971,19124.0
361,Philadelphia,,,,448.0,464.8,447.4,57471.0,3501878,Manufacturing/Industrial Plant,2009,19131.0
362,Philadelphia,27.0,59.0,60.0,42.6,34.5,34.0,88915.0,3505061,K-12 School,2009,19125.0
363,Philadelphia,77.0,83.0,91.0,95.0,86.4,72.7,982710.0,3505831,Office,1988,19103.0
364,Philadelphia,1.0,1.0,1.0,272.7,278.5,291.3,160661.0,3512076,Office,1905,19103.0
365,Philadelphia,4.0,3.0,3.0,122.7,146.1,145.1,91810.0,3512078,Office,1905,19145.0
366,Philadelphia,2.0,2.0,1.0,127.5,148.9,151.8,52021.0,3512079,Office,1905,19131.0
367,Philadelphia,18.0,13.0,10.0,89.2,105.3,116.2,75676.0,3512080,Office,1905,19139.0
368,Philadelphia,3.0,3.0,3.0,140.3,141.5,138.3,75176.0,3512081,Office,1905,19104.0
369,Philadelphia,8.0,22.0,20.0,99.7,76.3,78.4,70498.0,3330745,K-12 School,1927,19141.0
370,Philadelphia,21.0,16.0,54.0,119.8,131.8,78.7,62760.0,3330748,K-12 School,1930,19120.0
371,Philadelphia,46.0,38.0,58.0,108.1,113.7,95.8,76930.0,3330749,K-12 School,1916,19120.0
372,Philadelphia,48.0,54.0,83.0,76.5,72.0,47.5,58450.0,3330751,K-12 School,1909,19124.0
373,Philadelphia,70.0,71.0,74.0,69.7,68.4,62.3,59025.0,3330753,K-12 School,1956,19149.0
374,Philadelphia,80.0,89.0,91.0,79.4,68.7,63.1,310296.0,3330756,K-12 School,1957,19111.0
375,Philadelphia,16.0,19.0,36.0,87.9,83.6,63.4,73000.0,3330763,K-12 School,1950,19114.0
376,Philadelphia,35.0,37.0,61.0,60.3,59.6,41.3,66382.0,3330767,K-12 School,1958,19152.0
377,Philadelphia,80.0,81.0,83.0,65.4,65.4,58.9,74500.0,3330768,K-12 School,1961,19115.0
378,Philadelphia,56.0,59.0,68.0,76.4,74.6,63.9,73000.0,3330769,K-12 School,1962,19152.0
379,Philadelphia,12.0,17.0,13.0,94.5,91.1,96.9,162211.0,3330772,K-12 School,2006,19104.0
380,Philadelphia,50.0,63.0,74.0,103.7,94.7,79.0,200000.0,3330775,K-12 School,1950,19139.0
381,Philadelphia,20.0,27.0,37.0,88.5,80.9,70.3,120000.0,3330777,K-12 School,1924,19139.0
382,Philadelphia,28.0,18.0,17.0,50.3,56.3,51.8,190000.0,3330779,K-12 School,1971,19143.0
383,Philadelphia,69.0,72.0,87.0,87.1,84.0,63.3,57500.0,3330784,K-12 School,1937,19142.0
384,Philadelphia,4.0,10.0,14.0,105.8,88.0,79.0,70644.0,3330786,K-12 School,1911,19143.0
385,Philadelphia,10.0,11.0,14.0,90.9,93.0,76.2,84357.0,3330789,K-12 School,2002,19104.0
386,Philadelphia,38.0,49.0,59.0,66.8,58.1,49.6,89500.0,3330790,K-12 School,1968,19139.0
387,Philadelphia,63.0,80.0,87.0,51.5,36.0,29.4,66500.0,3330791,K-12 School,1926,19143.0
388,Philadelphia,56.0,64.0,64.0,63.1,56.1,49.2,88183.0,3330793,K-12 School,1963,19143.0
389,Philadelphia,78.0,64.0,80.0,48.8,53.8,45.4,85350.0,3330795,K-12 School,1970,19143.0
390,Philadelphia,16.0,24.0,19.0,77.1,71.2,74.2,100000.0,3330796,K-12 School,1916,19104.0
391,Philadelphia,39.0,39.0,50.0,74.0,74.0,61.7,87000.0,3330797,K-12 School,1972,19142.0
392,Philadelphia,8.0,20.0,19.0,95.2,76.0,74.1,70000.0,3330799,K-12 School,1960,19139.0
393,Philadelphia,38.0,44.0,55.0,126.9,119.9,104.5,71300.0,3330800,K-12 School,1930,19104.0
394,Philadelphia,1.0,2.0,4.0,122.5,127.1,109.9,67200.0,3330802,K-12 School,1967,19104.0
395,Philadelphia,25.0,15.0,20.0,81.5,89.6,80.0,77000.0,3330804,K-12 School,1965,19104.0
396,Philadelphia,91.0,93.0,93.0,64.0,61.0,60.5,331440.0,3330806,K-12 School,1956,19148.0
397,Philadelphia,54.0,74.0,68.0,75.3,65.9,66.9,242293.0,3330807,K-12 School,1958,19130.0
398,Philadelphia,33.0,43.0,66.0,72.2,67.4,57.0,166630.0,3330808,K-12 School,1997,19147.0
399,Philadelphia,30.0,84.0,60.0,114.7,55.6,83.8,120000.0,3330811,K-12 School,1980,19139.0
400,Philadelphia,46.0,67.0,75.0,91.6,73.5,63.2,105000.0,3330813,K-12 School,1933,19130.0
401,Philadelphia,44.0,63.0,77.0,120.8,103.3,86.3,145000.0,3330814,K-12 School,1914,19148.0
402,Philadelphia,38.0,40.0,55.0,114.4,112.5,91.7,61000.0,3330815,K-12 School,1924,19148.0
403,Philadelphia,39.0,57.0,73.0,97.0,85.6,69.8,150000.0,3330819,K-12 School,1909,19130.0
404,Philadelphia,59.0,59.0,60.0,69.0,69.1,69.9,68076.0,3330822,K-12 School,1909,19106.0
405,Philadelphia,72.0,78.0,86.0,71.7,64.8,53.2,55437.0,3330824,K-12 School,1930,19147.0
406,Philadelphia,50.0,55.0,76.0,56.3,51.1,42.3,80000.0,3330825,K-12 School,1966,19121.0
407,Philadelphia,12.0,14.0,23.0,143.2,148.4,133.4,83460.0,3330827,K-12 School,1914,19145.0
408,Philadelphia,73.0,80.0,88.0,84.1,74.9,63.7,185206.0,3330829,K-12 School,1980,19147.0
409,Philadelphia,51.0,73.0,73.0,96.3,70.3,70.0,58000.0,3330835,K-12 School,1925,19147.0
410,Philadelphia,33.0,47.0,56.0,81.2,68.7,60.2,83510.0,3330933,K-12 School,1929,19128.0
411,Philadelphia,50.0,38.0,44.0,55.5,62.4,58.4,85350.0,3330934,K-12 School,1973,19140.0
412,Philadelphia,64.0,72.0,74.0,70.9,66.7,62.3,73100.0,3330936,K-12 School,1969,19128.0
413,Philadelphia,63.0,65.0,67.0,76.5,71.8,67.2,64963.0,3330938,K-12 School,1956,19144.0
414,Philadelphia,12.0,19.0,32.0,115.1,101.5,84.7,52500.0,3330939,K-12 School,1930,19143.0
415,Philadelphia,30.0,33.0,38.0,58.3,56.7,54.4,46959.0,3330940,K-12 School,1980,19138.0
416,Philadelphia,73.0,68.0,74.0,64.7,68.0,54.8,101976.0,3330941,K-12 School,1970,19144.0
417,Philadelphia,77.0,86.0,89.0,85.5,77.6,72.1,313765.0,3330943,K-12 School,1916,19124.0
418,Philadelphia,46.0,44.0,3.0,60.4,62.6,124.6,64512.0,3512082,Office,1905,19118.0
419,Philadelphia,86.0,74.0,74.0,38.8,48.2,48.2,65685.0,3512103,Office,1905,19144.0
420,Philadelphia,9.0,9.0,8.0,99.3,97.6,99.6,60607.0,3512104,Office,1905,19140.0
421,Philadelphia,1.0,1.0,1.0,221.0,220.1,229.2,59101.0,3512105,Office,1905,19146.0
422,Philadelphia,1.0,1.0,1.0,170.9,175.3,175.0,52043.0,3512106,Office,1905,19115.0
423,Philadelphia,33.0,34.0,33.0,71.9,71.9,72.6,57899.0,3512108,Office,1905,19126.0
424,Philadelphia,1.0,1.0,1.0,159.7,185.2,189.8,55539.0,3512109,Office,1905,19111.0
425,Philadelphia,89.0,95.0,96.0,42.6,35.3,33.4,60158.0,3512112,Office,1905,19140.0
426,Philadelphia,2.0,1.0,1.0,122.5,142.8,143.0,54931.0,3512113,Office,1905,19121.0
427,Philadelphia,,,,187.0,171.6,158.7,345900.0,3520886,Parking,2000,19106.0
428,Philadelphia,79.0,78.0,81.0,52.8,56.5,57.1,107589.0,3522077,Office,2013,19104.0
429,Philadelphia,55.0,62.0,67.0,73.9,68.5,64.6,1283937.0,3526160,Office,1990,19102.0
430,Philadelphia,54.0,51.0,53.0,95.2,97.8,92.6,212472.0,3529858,Office,1908,19102.0
431,Philadelphia,,,,57.1,55.5,57.3,85000.0,3569461,Mixed Use Property,1930,19144.0
432,Philadelphia,,,,45.3,51.8,49.3,125000.0,3569510,Mixed Use Property,1964,19148.0
433,Philadelphia,100.0,100.0,100.0,0.1,0.1,0.1,360000.0,3569547,Non-Refrigerated Warehouse,1929,19123.0
434,Philadelphia,56.0,49.0,58.0,75.4,91.6,74.4,60000.0,3569581,Residence Hall/Dormitory,1940,19133.0
435,Philadelphia,71.0,67.0,68.0,54.4,57.9,56.4,52258.0,3569714,Office,2012,19147.0
436,Philadelphia,,,,6.1,14.3,10.7,60000.0,3569731,Office,1964,19132.0
437,Philadelphia,100.0,,,12.2,34.3,28.6,199999.1,3569946,Mixed Use Property,1923,19132.0
438,Philadelphia,,,,1.6,2.0,1.4,60000.0,3569992,Mixed Use Property,1923,19132.0
439,Philadelphia,54.0,57.0,74.0,37.0,32.8,38.2,229755.0,3569995,Distribution Center,1988,19154.0
440,Philadelphia,24.0,29.0,28.0,121.7,117.3,114.0,60000.0,3570108,Residence Hall/Dormitory,1945,19132.0
441,Philadelphia,,,,3.1,2.4,3.7,60000.0,3570171,Other,1930,19144.0
442,Philadelphia,98.0,96.0,100.0,27.3,28.6,21.3,60000.0,3571438,Residence Hall/Dormitory,1926,19132.0
443,Philadelphia,,,,93.4,84.1,75.4,1094000.0,3575688,Office,1928,19109.0
444,Philadelphia,,,,294.3,265.1,265.4,21512.0,3577830,Other,1980,19153.0
445,Philadelphia,,,,14.2,11.7,11.4,56997.0,3579262,Parking,2007,19103.0
446,Philadelphia,77.0,84.0,86.0,57.8,52.4,49.4,98809.0,3579797,Office,1916,19107.0
447,Philadelphia,,,75.0,87.3,66.3,58.9,56714.0,3582095,Office,1908,19102.0
448,Philadelphia,,,,7.1,6.6,7.0,362000.0,3891494,Non-Refrigerated Warehouse,1930,19148.0
449,Philadelphia,70.0,63.0,65.0,7.1,8.2,7.9,115000.0,3891496,Non-Refrigerated Warehouse,2007,19148.0
450,Philadelphia,95.0,94.0,95.0,4.2,4.3,4.1,208000.0,3891499,Non-Refrigerated Warehouse,1996,19148.0
451,Philadelphia,90.0,87.0,92.0,65.9,77.6,66.4,64000.0,3891695,Office,1950,19123.0
452,Philadelphia,,,,22.8,20.3,20.9,142792.0,3892150,Self-Storage Facility,1923,19123.0
453,Philadelphia,98.0,99.0,100.0,43.9,42.8,35.5,316125.0,3892157,K-12 School,1955,19148.0
454,Philadelphia,93.0,93.0,94.0,55.5,55.0,53.0,186940.0,3892250,K-12 School,1924,19136.0
455,Philadelphia,55.0,75.0,82.0,95.0,73.0,63.1,65400.0,3330924,K-12 School,1908,19119.0
456,Philadelphia,30.0,25.0,32.0,103.8,109.1,97.9,72000.0,3330925,K-12 School,1927,19119.0
457,Philadelphia,54.0,76.0,98.0,97.6,72.4,31.5,69475.0,3330927,K-12 School,1929,19128.0
458,Philadelphia,8.0,19.0,37.0,108.6,91.1,73.5,65000.0,3330928,K-12 School,1924,19141.0
459,Philadelphia,46.0,43.0,37.0,91.6,95.9,94.4,211000.0,3408943,Hotel,2006,19153.0
460,Philadelphia,47.0,48.0,46.0,93.2,89.8,97.4,290966.0,3410522,Hotel,2000,19103.0
461,Philadelphia,89.0,93.0,90.0,43.4,40.7,47.4,163836.0,3417370,Office,1925,19103.0
463,Philadelphia,77.0,83.0,80.0,83.8,74.1,75.4,75400.0,3479871,Office,1970,19103.0
464,Philadelphia,1.0,1.0,1.0,256.9,256.6,253.6,155715.0,3479994,Office,2008,19104.0
465,Philadelphia,4.0,11.0,19.0,106.7,84.2,73.9,173550.0,3490893,K-12 School,1980,19154.0
466,Philadelphia,2.0,3.0,5.0,128.7,126.7,102.0,61000.0,3498628,K-12 School,1937,19145.0
467,Philadelphia,82.0,86.0,89.0,64.6,59.1,55.4,346000.0,3498649,K-12 School,1962,19116.0
468,Philadelphia,13.0,16.0,32.0,91.5,86.9,68.8,90000.0,3583473,K-12 School,1915,19143.0
469,Philadelphia,73.0,85.0,90.0,72.8,65.9,57.0,316000.0,3583474,K-12 School,1985,19140.0
470,Philadelphia,65.0,67.0,77.0,52.8,51.2,43.5,96000.0,3583475,K-12 School,1968,19103.0
471,Philadelphia,36.0,46.0,65.0,89.5,79.4,61.5,117600.0,3330944,K-12 School,1923,19141.0
472,Philadelphia,59.0,79.0,88.0,97.3,75.5,61.7,129264.0,3330945,K-12 School,1924,19124.0
473,Philadelphia,13.0,29.0,14.0,130.3,103.1,126.3,81589.0,3330947,K-12 School,1929,19126.0
474,Philadelphia,9.0,17.0,16.0,92.6,78.7,77.1,102300.0,3330948,K-12 School,2007,19124.0
475,Philadelphia,54.0,54.0,69.0,97.9,102.5,85.6,74885.0,3330951,K-12 School,1931,19111.0
476,Philadelphia,42.0,58.0,51.0,84.6,71.6,80.4,55621.0,3330954,K-12 School,1957,19126.0
477,Philadelphia,65.0,61.0,63.0,51.6,53.1,52.5,76150.0,3330955,K-12 School,1966,19124.0
478,Philadelphia,71.0,74.0,74.0,65.5,61.4,59.7,84000.0,3330956,K-12 School,1936,19120.0
479,Philadelphia,35.0,37.0,40.0,55.3,54.7,54.0,79856.0,3330959,K-12 School,1973,19135.0
480,Philadelphia,11.0,28.0,36.0,136.5,114.9,101.2,58200.0,3330960,K-12 School,1914,19120.0
481,Philadelphia,70.0,76.0,74.0,60.3,55.0,53.1,149500.0,3330961,K-12 School,2000,19120.0
482,Philadelphia,9.0,10.0,19.0,107.7,106.6,90.6,83894.0,3330963,K-12 School,1924,19120.0
483,Philadelphia,54.0,52.0,80.0,98.3,100.3,64.6,65000.0,3330964,K-12 School,1929,19124.0
484,Philadelphia,61.0,75.0,74.0,82.3,67.5,69.5,56600.0,3330965,K-12 School,1908,19140.0
485,Philadelphia,26.0,25.0,49.0,71.8,73.0,55.5,79000.0,3330966,K-12 School,1973,19141.0
486,Philadelphia,36.0,33.0,31.0,84.3,84.4,79.0,78000.0,3330967,K-12 School,1995,19120.0
487,Philadelphia,59.0,59.0,68.0,87.3,86.9,77.8,56400.0,3330969,K-12 School,1938,19126.0
488,Philadelphia,5.0,8.0,6.0,105.2,101.2,106.2,171922.0,3330972,K-12 School,1976,19114.0
489,Philadelphia,77.0,82.0,89.0,42.7,40.0,35.3,204093.0,3330974,K-12 School,1973,19152.0
490,Philadelphia,29.0,37.0,47.0,66.3,61.7,56.8,44500.0,3330977,K-12 School,1974,19154.0
491,Philadelphia,81.0,85.0,84.0,70.9,63.9,62.3,102143.0,3330979,K-12 School,1950,19149.0
492,Philadelphia,6.0,9.0,11.0,184.2,171.6,159.0,35045.0,3330981,K-12 School,1928,19116.0
493,Philadelphia,21.0,19.0,21.0,72.6,75.1,69.6,85550.0,3330982,K-12 School,1959,19154.0
494,Philadelphia,40.0,52.0,56.0,63.1,55.7,54.5,56394.0,3330987,K-12 School,2001,19125.0
495,Philadelphia,65.0,71.0,70.0,86.3,73.1,68.5,72876.0,3333128,K-12 School,1921,19142.0
496,Philadelphia,40.0,38.0,50.0,66.3,67.0,50.0,168259.0,3337462,K-12 School,1955,19150.0
497,Philadelphia,84.0,80.0,86.0,65.9,67.9,55.9,75318.0,3337464,K-12 School,1967,19138.0
498,Philadelphia,68.0,67.0,76.0,43.7,45.6,39.4,232815.0,3337468,K-12 School,1994,19140.0
499,Philadelphia,1.0,1.0,1.0,253.0,251.9,258.6,140913.0,3340008,Medical Office,2000,19104.0
500,Philadelphia,59.0,58.0,100.0,93.2,99.7,66.2,375473.0,3347763,K-12 School,1900,19151.0
501,Philadelphia,51.0,59.0,65.0,105.7,100.8,97.8,78490.0,3351472,Hotel,1991,19153.0
502,Philadelphia,1.0,31.0,38.0,207.0,104.0,94.1,317507.0,3356674,K-12 School,1953,19141.0
503,Philadelphia,26.0,21.0,20.0,147.1,167.1,168.8,248000.0,3365000,Office,1959,19104.0
504,Philadelphia,14.0,2.0,17.0,76.1,108.7,64.3,135315.0,3404349,K-12 School,1924,19144.0
505,Philadelphia,12.0,12.0,16.0,104.2,104.3,93.9,249787.0,3408313,K-12 School,2009,19111.0
506,Philadelphia,89.0,91.0,91.0,32.8,30.1,27.7,159200.0,3637826,Distribution Center,2001,19154.0
507,Philadelphia,2.0,,2.0,171.4,154.4,171.9,99756.0,3638043,Office,1910,19103.0
508,Philadelphia,,,,271.7,276.9,276.5,166611.0,3638081,Stadium (Open),2003,19148.0
510,Philadelphia,95.0,96.0,95.0,48.6,46.7,43.7,183300.0,3638910,Office,1950,19114.0
511,Philadelphia,,,,56.1,51.0,47.0,100000.0,3639777,Other,1940,19140.0
512,Philadelphia,100.0,100.0,100.0,1.0,0.9,0.9,130000.0,3640515,Non-Refrigerated Warehouse,1930,19133.0
513,Philadelphia,86.0,90.0,81.0,71.8,66.2,74.2,106124.0,3584130,Office,1925,19123.0
514,Philadelphia,21.0,23.0,34.0,114.3,118.6,105.8,53200.0,3589770,K-12 School,1973,19134.0
515,Philadelphia,88.0,93.0,97.0,37.2,33.3,27.7,173000.0,3589772,K-12 School,1930,19146.0
516,Philadelphia,22.0,37.0,49.0,100.7,84.6,69.6,70000.0,3589870,K-12 School,1914,19124.0
517,Philadelphia,68.0,77.0,82.0,78.6,68.9,61.7,80679.0,3591160,Office,1972,19103.0
518,Philadelphia,84.0,85.0,93.0,20.9,20.4,12.8,187238.0,3594039,Distribution Center,1960,19134.0
519,Philadelphia,65.0,63.0,66.0,72.3,75.7,69.5,114840.0,3594195,Retail Store,2004,19145.0
520,Philadelphia,60.0,70.0,67.0,62.1,62.0,68.2,77472.0,3596562,Office,1916,19102.0
521,Philadelphia,56.0,49.0,53.0,110.4,114.9,112.2,329468.0,3596612,Office,1930,19102.0
522,Philadelphia,88.0,94.0,95.0,55.5,51.3,47.8,396614.0,3596849,Office,1903,19130.0
523,Philadelphia,77.0,92.0,76.0,69.1,52.3,68.6,100572.0,3597401,Office,1919,19107.0
524,Philadelphia,49.0,47.0,43.0,83.7,87.5,92.1,50456.0,3597476,Office,1930,19107.0
525,Philadelphia,80.0,89.0,89.0,45.9,37.9,36.0,1197220.0,3597850,Distribution Center,1964,19124.0
526,Philadelphia,36.0,38.0,39.0,75.1,70.8,68.0,56265.0,3599558,K-12 School,1963,19121.0
527,Philadelphia,57.0,58.0,60.0,78.9,71.7,68.4,851000.0,3608777,Non-Refrigerated Warehouse,1929,19144.0
528,Philadelphia,,,,92.3,101.7,91.9,635839.0,3619585,College/University,1960,19144.0
529,Philadelphia,81.0,83.0,84.0,64.2,62.2,60.5,205000.0,3619986,Office,1925,19103.0
530,Philadelphia,28.0,20.0,21.0,299.1,350.5,330.3,50000.0,3619999,Supermarket/Grocery Store,2009,19138.0
531,Philadelphia,,,,60.1,57.9,56.5,306000.0,3620094,Mixed Use Property,1957,19154.0
532,Philadelphia,73.0,74.0,75.0,51.5,49.5,48.1,100000.0,3628711,Office,1920,19121.0
533,Philadelphia,97.0,90.0,89.0,159.8,205.9,209.6,171219.0,3632497,Hospital (General Medical & Surgical),1925,19107.0
534,Philadelphia,,,,47.3,45.8,43.4,55000.0,3633488,Automobile Dealership,1970,19153.0
535,Philadelphia,11.0,13.0,14.0,94.8,101.1,95.5,181508.0,3633517,Distribution Center,1960,19154.0
536,Philadelphia,81.0,81.0,88.0,33.5,29.9,20.0,253386.0,3633532,Distribution Center,1959,19154.0
537,Philadelphia,,,,192.7,191.1,207.8,14350000.0,3634188,College/University,1873,19104.0
538,Philadelphia,,,,84.3,74.7,75.8,94151.0,3634201,College/University,1898,19102.0
539,Philadelphia,,,,85.5,89.8,94.1,205378.0,3634931,Vocational School,2007,19114.0
540,Philadelphia,,,,3.4,2.7,2.7,97261.0,3635022,Strip Mall,1983,19134.0
541,Philadelphia,,,,115.3,116.8,124.0,240000.0,3635047,College/University,1905,19102.0
542,Philadelphia,94.0,91.0,90.0,13.3,13.2,12.2,70000.0,3635179,Non-Refrigerated Warehouse,1940,19135.0
543,Philadelphia,12.0,14.0,13.0,389.4,383.6,388.5,778752.0,3635424,Hospital (General Medical & Surgical),1978,19107.0
544,Philadelphia,100.0,100.0,100.0,3.6,3.1,3.2,178250.0,3635787,Distribution Center,1961,19134.0
545,Philadelphia,,76.0,71.0,320.4,252.3,262.0,169807.0,3635906,Hospital (General Medical & Surgical),1906,19107.0
546,Philadelphia,49.0,49.0,53.0,82.5,82.5,79.1,112380.0,3635927,Hotel,1989,19106.0
547,Philadelphia,,,,76.1,75.3,65.8,89596.0,3637394,College/University,1988,19114.0
548,Philadelphia,,,,70.6,67.6,62.1,368193.0,3637455,Worship Facility,2006,19150.0
549,Philadelphia,,,,40.5,35.6,28.5,67430.0,3637470,College/University,2009,19114.0
550,Philadelphia,,,,3.7,4.1,3.4,189000.0,3637517,Non-Refrigerated Warehouse,1940,19134.0
551,Philadelphia,,,,479.6,500.1,403.3,701038.5,3679279,Parking,2010,19125.0
552,Philadelphia,68.0,67.0,77.0,72.4,86.4,67.1,95000.0,3679494,Office,1930,19103.0
553,Philadelphia,84.0,79.0,67.0,53.2,59.0,79.1,365000.0,3679592,Office,1890,19110.0
554,Philadelphia,100.0,99.0,87.0,8.7,28.2,53.6,248000.0,3679686,Office,1983,19103.0
555,Philadelphia,78.0,81.0,83.0,82.4,78.1,71.7,235000.0,3679860,Office,1981,19103.0
556,Philadelphia,58.0,55.0,55.0,77.0,82.0,81.7,110000.0,3679905,Office,1930,19120.0
557,Philadelphia,100.0,100.0,100.0,21.8,22.4,21.0,110000.0,3681050,Office,1905,19122.0
558,Philadelphia,,,,250.5,244.0,240.0,144660.0,3681741,Enclosed Mall,1990,19103.0
559,Philadelphia,50.0,39.0,52.0,290.2,315.4,289.9,329142.0,3641686,Hospital (General Medical & Surgical),1980,19107.0
560,Philadelphia,45.0,26.0,33.0,322.4,368.1,346.0,233930.0,3641702,Hospital (General Medical & Surgical),1954,19107.0
561,Philadelphia,35.0,46.0,37.0,139.4,128.4,145.2,81525.0,3641704,Residence Hall/Dormitory,1959,19107.0
562,Philadelphia,14.0,17.0,16.0,124.3,127.3,123.8,82972.0,3641728,Medical Office,1985,19107.0
563,Philadelphia,56.0,62.0,63.0,130.9,119.6,119.0,262308.0,3641781,Medical Office,1931,19107.0
564,Philadelphia,57.0,59.0,54.0,89.2,84.0,89.3,244109.0,3641814,Office,1930,19107.0
565,Philadelphia,2.0,6.0,10.0,296.3,268.9,238.9,191783.0,3641868,Office,1928,19107.0
566,Philadelphia,37.0,34.0,40.0,149.5,165.5,154.8,136566.0,3642349,Office,1928,19107.0
567,Philadelphia,,,,7.2,8.1,7.7,211489.0,3642359,Distribution Center,1913,19140.0
568,Philadelphia,,,,168.2,164.8,147.2,111970.0,3642562,Library,1976,19107.0
569,Philadelphia,,,,331.6,259.7,248.8,455711.0,3643201,Laboratory,1968,19107.0
570,Philadelphia,54.0,68.0,62.0,129.6,105.5,117.9,271786.0,3643275,Office,2007,19107.0
571,Philadelphia,,,,336.8,318.6,301.0,287286.0,3643298,Laboratory,1991,19107.0
572,Philadelphia,40.0,36.0,44.0,194.3,205.8,187.0,85000.0,3643346,Office,2010,19107.0
573,Philadelphia,,,,1.0,0.9,0.3,215800.0,3644128,Non-Refrigerated Warehouse,1942,19112.0
574,Philadelphia,42.0,36.0,48.0,75.0,79.9,69.9,178250.0,3644299,Office,1960,19102.0
575,Philadelphia,,,,174.1,163.7,156.6,61589.0,3652506,Office,1970,19104.0
576,Philadelphia,57.0,81.0,60.0,51.6,41.6,50.3,110000.0,3656455,K-12 School,2011,19137.0
577,Philadelphia,18.0,24.0,20.0,294.2,277.9,290.7,312144.0,3656490,Hospital (General Medical & Surgical),1888,19148.0
579,Philadelphia,,,,149.2,115.4,104.8,71316.0,3657737,Library,1910,19107.0
580,Philadelphia,81.0,78.0,68.0,82.1,80.7,74.6,206625.0,3663168,Office,1927,19102.0
581,Philadelphia,54.0,68.0,80.0,106.8,103.0,79.7,241831.0,3663256,Office,1985,19102.0
582,Philadelphia,40.0,41.0,35.0,13.2,13.0,14.0,108210.0,3663490,Non-Refrigerated Warehouse,2009,19144.0
583,Philadelphia,82.0,87.0,88.0,7.1,6.3,6.0,62835.0,3663692,Non-Refrigerated Warehouse,2009,19111.0
584,Philadelphia,83.0,84.0,92.0,21.4,21.7,15.1,108232.0,3663826,Non-Refrigerated Warehouse,2009,19154.0
585,Philadelphia,2.0,7.0,10.0,81.7,74.3,68.7,143673.0,3666158,K-12 School,1940,19137.0
586,Philadelphia,,,,30.1,27.7,30.0,178420.0,3666305,Mixed Use Property,1972,19128.0
587,Philadelphia,,,,469.8,461.2,496.1,114000.0,3667832,Manufacturing/Industrial Plant,1960,19124.0
588,Philadelphia,,,,110.2,107.8,118.0,185000.0,3667834,Manufacturing/Industrial Plant,1960,19111.0
589,Philadelphia,,,,343.9,344.1,366.3,256420.0,3668376,Manufacturing/Industrial Plant,1970,19154.0
590,Philadelphia,18.0,31.0,23.0,105.0,102.2,107.6,78009.0,3672870,Senior Care Community,1986,19114.0
591,Philadelphia,12.0,9.0,6.0,174.3,212.5,242.5,102855.0,3673215,Medical Office,1910,19107.0
592,Philadelphia,66.0,68.0,69.0,140.7,135.2,129.0,92185.0,3673577,Wholesale Club/Supercenter,2012,19137.0
593,Philadelphia,,,,52.3,42.3,45.9,85350.0,3673605,Self-Storage Facility,2006,19136.0
594,Philadelphia,77.0,76.0,80.0,104.8,103.8,98.5,149398.0,3673727,Wholesale Club/Supercenter,1995,19148.0
595,Philadelphia,,,,231.8,232.8,242.0,409268.0,3675619,College/University,1972,19131.0
596,Philadelphia,,,,94.7,85.7,95.2,78800.0,3696855,College/University,2003,19104.0
597,Philadelphia,,,,33.8,41.1,40.5,70000.0,3696900,College/University,1920,19104.0
598,Philadelphia,,,,87.2,263.6,282.0,113332.0,3696901,College/University,1928,19104.0
599,Philadelphia,7.0,42.0,55.0,175.7,117.4,122.0,67084.0,3696988,Office,1966,19104.0
600,Philadelphia,,,,92.7,226.0,104.0,112000.0,3697969,Manufacturing/Industrial Plant,1978,19124.0
601,Philadelphia,,,,32.1,23.7,28.1,96000.0,3707270,Other,1975,19154.0
602,Philadelphia,32.0,32.0,30.0,89.0,94.6,96.2,108271.0,3707291,K-12 School,1984,19144.0
603,Philadelphia,,,,40.2,39.9,38.1,155863.0,3707307,Other - Utility,1955,19148.0
604,Philadelphia,,,,99.4,105.6,87.6,461598.0,3681793,College/University,1982,19130.0
605,Philadelphia,,,,15.8,12.9,83.6,556554.0,3681794,College/University,1982,19130.0
606,Philadelphia,,,,32.0,31.9,34.1,177480.0,3681795,College/University,2003,19130.0
607,Philadelphia,,,,73.5,74.0,93.4,81018.0,3681796,College/University,1965,19141.0
608,Philadelphia,,,,67.4,73.3,76.0,109110.0,3681797,College/University,1995,19154.0
609,Philadelphia,,,,72.1,71.5,69.8,55000.0,3682419,Office,1920,19104.0
610,Philadelphia,,,,27.7,23.1,21.6,143000.0,3682801,Other,1963,19136.0
611,Philadelphia,,,,212.5,166.0,166.5,173512.0,3682858,Parking,1987,19102.0
612,Philadelphia,,,,8.0,8.1,9.1,434000.0,3682894,Parking,1986,19109.0
614,Philadelphia,,,,108.4,100.6,112.6,90000.0,3683056,Mixed Use Property,1895,19104.0
615,Philadelphia,,,,22.4,21.7,19.1,170000.0,3683713,Other,1956,19136.0
616,Philadelphia,89.0,91.0,91.0,52.3,48.5,49.2,188046.0,3685108,Office,1929,19123.0
617,Philadelphia,,,,23.1,18.2,11.0,298627.0,3685555,Other,1956,19116.0
618,Philadelphia,,,,24.1,23.6,18.9,207000.0,3685736,Other,1970,19116.0
619,Philadelphia,,,,14.9,9.4,11.6,66786.0,3686050,Other,1956,19135.0
620,Philadelphia,,,,26.0,22.5,20.8,506181.0,3686205,Other,1969,19136.0
621,Philadelphia,,,,300.9,288.8,281.1,255427.0,3687631,Laboratory,1894,19104.0
622,Philadelphia,70.0,57.0,87.0,94.3,110.9,69.8,478150.0,3687689,K-12 School,2002,19124.0
623,Philadelphia,44.0,44.0,42.0,118.7,118.9,113.3,165000.0,3687885,Office,1980,19104.0
625,Philadelphia,50.0,47.0,42.0,87.8,89.1,92.1,240000.0,3687917,Hotel,1990,19103.0
626,Philadelphia,90.0,87.0,93.0,65.4,65.9,59.5,79641.0,3688012,Hotel,1885,19104.0
627,Philadelphia,,,,110.3,105.2,103.6,184383.0,3689468,Parking,1979,19106.0
628,Philadelphia,85.0,87.0,88.0,43.1,45.9,42.9,578770.0,3689997,Refrigerated Warehouse,1964,19148.0
629,Philadelphia,91.0,92.0,91.0,31.8,29.3,30.2,108000.0,3690153,Distribution Center,1970,19154.0
630,Philadelphia,,,,120.3,115.9,103.4,71000.0,3690846,Museum,1865,19102.0
631,Philadelphia,,,,138.8,133.8,118.0,208000.0,3690996,Other - Public Services,1986,19132.0
632,Philadelphia,,,,78.3,64.7,72.2,262000.0,3694564,Other - Public Services,1985,19143.0
633,Philadelphia,,,,110.4,105.6,93.3,475000.0,3694569,Other - Public Services,1955,19140.0
634,Philadelphia,,,,199.0,157.1,147.6,53000.0,3694570,Other - Public Services,1952,19140.0
635,Philadelphia,,,,77.5,80.8,76.6,200000.0,3694574,Other - Public Services,1994,19131.0
636,Philadelphia,,,,213.0,175.5,197.3,102000.0,3694576,Other - Public Services,1957,19124.0
637,Philadelphia,93.0,98.0,97.0,55.6,32.6,36.5,216211.0,3695833,K-12 School,1954,19136.0
638,Philadelphia,,,,13.1,12.9,13.0,167745.0,3696167,"Repair Services (Vehicle, Shoe, Locksmith, etc.)",1950,19135.0
639,Philadelphia,48.0,55.0,50.0,27.9,17.8,19.1,77456.0,3696620,Non-Refrigerated Warehouse,1938,19129.0
641,Philadelphia,88.0,88.0,99.0,60.9,59.7,36.4,178680.0,3696768,Office,1911,19125.0
642,Philadelphia,,,,81.2,67.9,82.3,78000.0,3696770,College/University,2007,19104.0
643,Philadelphia,41.0,41.0,70.0,86.8,86.7,52.9,110000.0,3773012,Hotel,2012,19104.0
644,Philadelphia,,,,148.6,135.9,139.3,468307.0,3773257,Performing Arts,2001,19102.0
645,Philadelphia,82.0,84.0,85.0,7.7,7.4,7.0,115000.0,3773319,Non-Refrigerated Warehouse,1921,19120.0
646,Philadelphia,63.0,54.0,54.0,46.8,52.3,51.8,52656.0,3773373,Retail Store,1920,19139.0
647,Philadelphia,100.0,100.0,100.0,59.5,64.4,64.5,76500.0,3773538,K-12 School,1978,19111.0
648,Philadelphia,,,,164.1,157.7,156.7,221044.0,3773617,Social/Meeting Hall,1865,19102.0
649,Philadelphia,,,,11.8,11.1,11.9,110000.0,3773802,Parking,1984,19102.0
651,Philadelphia,13.0,26.0,19.0,97.1,91.1,95.2,71440.0,3773891,K-12 School,1930,19140.0
652,Philadelphia,,,,242.8,223.4,214.4,84596.0,3773931,Other - Technology/Science,1971,19106.0
653,Philadelphia,88.0,95.0,94.0,57.8,48.8,49.2,198665.0,3773979,K-12 School,1926,19139.0
654,Philadelphia,100.0,100.0,100.0,27.8,19.1,23.2,232269.0,3773988,K-12 School,1939,19140.0
655,Philadelphia,,,,14.7,18.2,14.2,109580.0,3774014,Self-Storage Facility,1927,19142.0
656,Philadelphia,,,,84.3,83.2,83.9,89344.0,3774255,Other - Specialty Hospital,1997,19128.0
657,Philadelphia,89.0,90.0,91.0,55.9,55.2,51.7,446086.0,3774260,Office,1981,19106.0
658,Philadelphia,,,,23.7,22.2,24.1,84410.0,3721208,Museum,1905,19106.0
660,Philadelphia,100.0,100.0,100.0,7.7,7.9,7.6,61900.0,3736431,K-12 School,1950,19150.0
661,Philadelphia,35.0,37.0,40.0,62.5,64.2,61.6,172229.0,3736468,Distribution Center,1962,19148.0
662,Philadelphia,,,,188.0,200.9,146.9,233571.0,3736473,Parking,1979,19102.0
663,Philadelphia,,,,44.0,42.5,42.5,259257.0,3751369,College/University,1889,19119.0
664,Philadelphia,,,,20.4,19.5,18.1,200000.0,3751437,Manufacturing/Industrial Plant,1970,19125.0
665,Philadelphia,,,,3.3,0.2,0.2,85426.0,3751822,Mixed Use Property,1843,19123.0
666,Philadelphia,95.0,96.0,98.0,18.8,17.7,13.3,85086.0,3751826,Worship Facility,1936,19145.0
667,Philadelphia,65.0,69.0,70.0,74.8,68.3,64.5,140800.0,3751830,K-12 School,1937,19149.0
668,Philadelphia,47.0,59.0,52.0,68.7,67.7,70.1,51676.0,3759390,Office,1925,19107.0
669,Philadelphia,81.0,89.0,89.0,56.4,51.9,49.7,92588.0,3759394,K-12 School,1890,19102.0
670,Philadelphia,,,,6.4,7.3,8.4,106000.0,3760060,Self-Storage Facility,1903,19127.0
671,Philadelphia,,,,30.5,36.1,25.6,210000.0,3760835,Self-Storage Facility,1920,19132.0
672,Philadelphia,88.0,77.0,70.0,148.8,173.0,182.7,1043572.0,3760930,Hospital (General Medical & Surgical),1989,19134.0
673,Philadelphia,61.0,67.0,75.0,74.7,71.9,65.2,159885.0,3762103,Hotel,2001,19107.0
674,Philadelphia,92.0,94.0,85.0,157.4,147.9,185.9,2537000.0,3762393,Hospital (General Medical & Surgical),1950,19141.0
675,Philadelphia,,,,193.5,162.3,167.2,176360.0,3762530,College/University,2004,19104.0
676,Philadelphia,,,,137.4,130.6,89.3,231614.0,3762532,College/University,1973,19104.0
677,Philadelphia,,,,113.4,107.8,107.1,89077.0,3762535,College/University,1970,19104.0
678,Philadelphia,,,,104.9,105.5,109.6,265093.0,3762536,Other - Recreation,1976,19104.0
679,Philadelphia,,,,61.3,83.6,87.4,237906.0,3762539,College/University,1971,19104.0
680,Philadelphia,,,,120.0,118.3,116.0,128347.0,3762549,College/University,1989,19104.0
681,Philadelphia,,,,84.9,90.1,98.2,147593.0,3762580,College/University,2008,19104.0
682,Philadelphia,,,,65.2,67.2,65.1,72479.0,3762582,College/University,1920,19104.0
683,Philadelphia,100.0,100.0,100.0,2.8,2.8,2.3,86052.0,3766953,Worship Facility,1910,19139.0
685,Philadelphia,65.0,38.0,28.0,21.4,32.8,38.8,70483.0,3772933,Non-Refrigerated Warehouse,1934,19134.0
687,Philadelphia,91.0,90.0,92.0,25.7,25.6,19.2,104450.0,3800031,Non-Refrigerated Warehouse,2000,19134.0
688,Philadelphia,100.0,100.0,100.0,4.0,3.8,2.6,90551.0,3800032,Non-Refrigerated Warehouse,2000,19116.0
689,Philadelphia,98.0,98.0,98.0,8.7,8.9,8.3,70581.0,3800034,Non-Refrigerated Warehouse,2000,19128.0
690,Philadelphia,100.0,100.0,100.0,2.3,5.3,5.1,98825.0,3800035,Non-Refrigerated Warehouse,2000,19153.0
691,Philadelphia,86.0,85.0,84.0,58.8,59.8,59.8,88700.0,3774261,Office,1981,19106.0
692,Philadelphia,,,,11.4,12.1,13.2,72000.0,3774263,Non-Refrigerated Warehouse,1929,19135.0
693,Philadelphia,,,,65.9,63.8,60.3,678368.0,3776439,Office,1956,19104.0
694,Philadelphia,,,,15.7,15.7,14.3,93650.0,3776479,Other,1960,19124.0
695,Philadelphia,,,,62.5,65.9,66.6,323000.0,3776480,Mixed Use Property,1974,19141.0
696,Philadelphia,,,,73.8,74.0,62.5,89731.0,3778264,College/University,1929,19118.0
697,Philadelphia,41.0,5.0,37.0,72.8,182.1,78.7,225417.0,3782240,K-12 School,2001,19116.0
698,Philadelphia,,,,4.3,5.1,5.4,540000.0,3782254,Non-Refrigerated Warehouse,1919,19148.0
700,Philadelphia,21.0,24.0,35.0,106.4,114.5,91.8,125000.0,3782623,Refrigerated Warehouse,1980,19148.0
701,Philadelphia,25.0,25.0,30.0,148.5,145.0,135.8,133000.0,3782624,Wholesale Club/Supercenter,2000,19154.0
702,Philadelphia,,,,4.9,4.8,4.1,581000.0,3782718,Non-Refrigerated Warehouse,1930,19148.0
703,Philadelphia,69.0,74.0,79.0,58.9,56.4,50.3,73106.0,3782888,Office,2012,19112.0
704,Philadelphia,31.0,31.0,32.0,287.4,290.1,295.7,212888.0,3782900,Supermarket/Grocery Store,1995,19137.0
705,Philadelphia,99.0,99.0,99.0,9.2,9.8,8.6,121200.0,3782942,Non-Refrigerated Warehouse,1960,19114.0
706,Philadelphia,67.0,,,87.5,87.8,85.8,128600.0,3783002,Parking,1980,19132.0
707,Philadelphia,,,,3.6,3.1,2.8,67550.0,3783067,Self-Storage Facility,1930,19134.0
708,Philadelphia,,,,72.8,76.0,73.8,742326.0,3783072,Other - Mall,1960,19152.0
709,Philadelphia,,,,86.4,93.5,73.4,80000.0,3788376,Other - Education,1885,19104.0
711,Philadelphia,22.0,23.0,24.0,101.2,99.5,100.4,423009.0,3788588,Office,1997,19154.0
712,Philadelphia,73.0,87.0,73.0,86.4,73.3,85.7,10764.0,3788593,Office,1970,19154.0
713,Philadelphia,,,,249.1,243.1,244.2,1563117.0,3788596,Hospital (General Medical & Surgical),1979,19102.0
714,Philadelphia,42.0,36.0,34.0,61.5,66.1,67.4,53668.0,3788641,Retail Store,1988,19134.0
715,Philadelphia,65.0,68.0,74.0,90.5,83.1,75.5,127785.0,3788675,Office,1956,19131.0
716,Philadelphia,,,,37.4,60.6,24.5,900000.0,3788696,Convention Center,2011,19107.0
717,Philadelphia,,,,109.4,95.0,51.7,1100000.0,3789312,Convention Center,1993,19107.0
718,Philadelphia,,,,85.3,72.2,51.2,139425.0,3789968,Other,1951,19114.0
719,Philadelphia,,,,148.5,152.7,138.2,90000.0,3790243,Manufacturing/Industrial Plant,1999,19153.0
720,Philadelphia,35.0,52.0,61.0,116.2,118.0,111.1,140000.0,3790272,Senior Care Community,1955,19119.0
721,Philadelphia,100.0,100.0,100.0,2.2,2.2,3.2,160000.0,3790288,Non-Refrigerated Warehouse,1912,19137.0
722,Philadelphia,48.0,51.0,53.0,92.3,97.5,94.0,315000.0,3790320,Refrigerated Warehouse,1958,19148.0
723,Philadelphia,73.0,82.0,79.0,78.4,67.8,72.2,129532.0,3790349,Office,1960,19102.0
724,Philadelphia,,,,15.4,14.9,14.5,282322.0,3790435,Parking,1994,19102.0
725,Philadelphia,79.0,88.0,88.0,77.7,63.0,63.5,113362.0,3790440,Office,2011,19145.0
726,Philadelphia,54.0,60.0,59.0,70.1,62.7,64.4,91725.0,3790469,Office,2011,19145.0
727,Philadelphia,,,,45.6,46.4,42.3,336000.0,3862942,Manufacturing/Industrial Plant,1965,19114.0
728,Philadelphia,38.0,5.0,57.0,86.2,118.3,71.3,87000.0,3875677,Hotel,1986,19106.0
729,Philadelphia,,,,230.8,228.8,215.2,78240.0,3875829,Data Center,1962,19141.0
730,Philadelphia,,,,92.5,89.3,93.4,127485.0,3875830,Ambulatory Surgical Center,1980,19115.0
731,Philadelphia,55.0,55.0,57.0,64.7,64.6,63.2,148494.0,3875831,Office,1980,19120.0
732,Philadelphia,,,,67.1,63.0,48.8,76863.0,3876022,Worship Facility,1971,19145.0
733,Philadelphia,64.0,68.0,67.0,67.2,66.0,63.9,106218.0,3876067,Medical Office,1896,19102.0
734,Philadelphia,46.0,56.0,53.0,77.8,70.4,72.6,98707.0,3876346,Office,1923,19104.0
735,Philadelphia,46.0,48.0,41.0,94.4,86.7,94.5,509119.0,3876347,Distribution Center,1967,19148.0
736,Philadelphia,,,,80.0,59.8,74.4,366000.0,3876647,Other,1920,19136.0
737,Philadelphia,66.0,100.0,92.0,22.4,2.0,7.5,100000.0,3877086,Non-Refrigerated Warehouse,1974,19154.0
738,Philadelphia,1.0,12.0,100.0,102.2,62.7,25.3,173000.0,3877095,Hotel,1964,19116.0
739,Philadelphia,100.0,100.0,100.0,1.7,1.6,1.4,111150.0,3800036,Non-Refrigerated Warehouse,2000,19114.0
740,Philadelphia,100.0,100.0,100.0,3.1,3.1,2.3,50050.0,3800037,Non-Refrigerated Warehouse,2000,19135.0
741,Philadelphia,96.0,96.0,97.0,19.4,17.6,14.1,67600.0,3800038,Non-Refrigerated Warehouse,2000,19137.0
742,Philadelphia,88.0,89.0,91.0,11.5,11.1,9.9,106400.0,3813146,Distribution Center,1945,19135.0
743,Philadelphia,99.0,98.0,99.0,3.2,3.7,2.8,53050.0,3814517,Distribution Center,1884,19133.0
744,Philadelphia,59.0,61.0,47.0,41.0,41.5,63.4,287880.0,3815264,Retail Store,1961,19114.0
745,Philadelphia,55.0,58.0,64.0,86.0,82.3,74.5,526472.0,3820092,Office,1932,19107.0
746,Philadelphia,,,,122.3,62.1,68.6,110000.0,3820168,College/University,1957,19103.0
747,Philadelphia,,,,201.8,224.6,212.1,63000.0,3820182,College/University,1963,19103.0
748,Philadelphia,,,,11.2,11.2,9.6,613000.0,3820208,Parking,1959,19153.0
749,Philadelphia,68.0,69.0,96.0,50.9,50.7,24.6,80200.0,3824196,Retail Store,1953,19128.0
750,Philadelphia,77.0,78.0,86.0,190.4,188.9,177.2,539000.0,3824648,Hospital (General Medical & Surgical),1939,19152.0
751,Philadelphia,96.0,98.0,100.0,27.3,22.3,12.9,50000.0,3829105,Worship Facility,1865,19103.0
752,Philadelphia,,,,223.3,229.5,190.7,130620.0,3830390,Other,2010,19129.0
753,Philadelphia,,,,9.6,9.6,8.6,104000.0,3830422,Distribution Center,1920,19124.0
754,Philadelphia,,,,46.9,48.8,46.3,97540.0,3830539,Self-Storage Facility,1910,19107.0
755,Philadelphia,57.0,58.0,65.0,84.2,83.4,76.5,550707.0,3831243,Office,1914,19107.0
756,Philadelphia,,,,599.2,590.5,625.6,125000.0,3849558,Laboratory,2004,19104.0
757,Philadelphia,11.0,14.0,12.0,123.8,126.5,130.3,94500.0,3851366,Refrigerated Warehouse,1983,19122.0
758,Philadelphia,61.0,59.0,53.0,62.3,60.9,59.0,62567.0,3852983,K-12 School,1923,19121.0
759,Philadelphia,73.0,80.0,84.0,21.8,18.1,17.2,100000.0,3854031,Distribution Center,1950,19135.0
760,Philadelphia,,,,132.8,142.4,132.8,602118.0,3856018,College/University,1898,19104.0
761,Philadelphia,79.0,82.0,79.0,74.5,70.5,74.0,104730.0,3856406,K-12 School,1911,19103.0
762,Philadelphia,9.0,11.0,9.0,169.4,166.6,168.0,443793.0,3856432,Medical Office,1987,19106.0
763,Philadelphia,14.0,14.0,14.0,100.7,102.9,99.2,172910.0,3857641,Distribution Center,1994,19154.0
764,Philadelphia,7.0,1.0,4.0,141.8,189.1,152.6,182687.0,3857967,Senior Care Community,1980,19144.0
765,Philadelphia,75.0,79.0,78.0,41.9,43.0,44.3,335538.0,3858135,Refrigerated Warehouse,1891,19123.0
766,Philadelphia,75.0,74.0,73.0,45.1,42.7,40.3,216640.0,3858153,Distribution Center,2005,19153.0
767,Philadelphia,82.0,81.0,83.0,40.6,39.4,37.9,86394.0,3858184,K-12 School,1920,19118.0
768,Philadelphia,100.0,100.0,100.0,37.0,28.5,27.7,100012.0,3858410,K-12 School,1963,19114.0
769,Philadelphia,88.0,100.0,100.0,44.7,7.6,6.6,55784.0,3859412,Office,1950,19102.0
770,Philadelphia,58.0,89.0,88.0,59.7,48.6,47.1,69630.0,3859497,K-12 School,1954,19148.0
771,Philadelphia,,,,158.9,118.2,111.5,254184.0,3859682,Parking,1957,19115.0
772,Philadelphia,,,,41.3,35.9,43.5,110000.0,3859685,Manufacturing/Industrial Plant,1940,19143.0
773,Philadelphia,,,,119.5,118.8,115.7,333089.0,3862659,College/University,1891,19104.0
774,Philadelphia,,,,6.6,7.6,8.2,156232.0,3862680,Parking,1985,19146.0
775,Philadelphia,56.0,47.0,39.0,57.3,66.5,64.0,29000.0,3892303,Worship Facility,1970,19140.0
776,Philadelphia,86.0,80.0,82.0,45.0,51.8,49.5,82617.0,3892502,Retail Store,1990,19124.0
777,Philadelphia,100.0,100.0,100.0,5.0,5.0,4.5,337200.0,3892821,Non-Refrigerated Warehouse,1960,19134.0
778,Philadelphia,90.0,90.0,86.0,5.4,5.4,5.9,68632.0,3892824,Non-Refrigerated Warehouse,1850,19124.0
779,Philadelphia,,,,165.2,165.2,165.7,52000.0,3892826,Other,1955,19137.0
780,Philadelphia,,,,23.7,23.7,23.8,67326.0,3892827,Mixed Use Property,1950,19137.0
781,Philadelphia,74.0,75.0,75.0,8.4,8.4,7.9,95928.0,3892828,Non-Refrigerated Warehouse,1950,19140.0
782,Philadelphia,,,,66.4,55.1,42.7,53616.0,3877243,Other - Education,1971,19145.0
783,Philadelphia,21.0,17.0,20.0,54.0,58.1,57.5,144000.0,3877707,K-12 School,1956,19116.0
785,Philadelphia,,,,8.3,8.2,7.6,122667.0,3878558,Other,1988,19103.0
786,Philadelphia,100.0,88.0,94.0,114.9,172.0,131.3,74100.0,3878985,Supermarket/Grocery Store,2011,19114.0
787,Philadelphia,29.0,79.0,83.0,76.7,38.9,38.3,50847.0,3879065,Refrigerated Warehouse,1970,19154.0
788,Philadelphia,,,,271.0,263.1,256.8,1096260.0,3879811,Mixed Use Property,1947,19111.0
789,Philadelphia,,,,160.9,188.2,187.7,140716.0,3880216,Distribution Center,1970,19114.0
790,Philadelphia,100.0,100.0,100.0,23.1,23.5,21.6,208776.0,3880929,Medical Office,1989,19114.0
791,Philadelphia,79.0,68.0,83.0,76.8,79.0,69.4,263500.0,3881810,K-12 School,1900,19118.0
792,Philadelphia,98.0,100.0,99.0,61.7,48.9,48.0,279000.0,3881814,K-12 School,1900,19118.0
793,Philadelphia,93.0,89.0,95.0,6.0,6.3,4.4,59301.0,3882229,Non-Refrigerated Warehouse,1940,19132.0
794,Philadelphia,,,,52.8,53.8,54.0,108108.0,3883003,Parking,1985,19107.0
795,Philadelphia,,,,31.2,34.6,42.7,75440.0,3883890,Manufacturing/Industrial Plant,1968,19116.0
796,Philadelphia,,,,71.3,73.4,67.7,962359.0,3884090,College/University,1875,19118.0
797,Philadelphia,,,,56.5,41.8,56.9,261073.0,3884096,Adult Education,1930,19140.0
798,Philadelphia,77.0,75.0,81.0,77.5,74.6,67.9,150000.0,3884204,Office,1900,19123.0
799,Philadelphia,,,,105.0,102.4,95.0,52642.0,3884224,Other - Public Services,1950,19124.0
800,Philadelphia,,,,114.8,191.8,570.7,446000.0,3884233,Museum,1932,19103.0
801,Philadelphia,,,,90.1,95.3,94.4,44101.0,3884250,Senior Care Community,1988,19131.0
802,Philadelphia,83.0,85.0,85.0,55.5,55.4,54.0,125000.0,3884289,Office,1902,19107.0
803,Philadelphia,,,,323.3,7.0,6.8,149640.0,3884838,Parking,2008,19131.0
804,Philadelphia,23.0,39.0,36.0,94.8,85.3,90.2,60122.0,3884927,Medical Office,1985,19154.0
805,Philadelphia,,,,217.4,219.8,211.9,262839.0,3885006,College/University,1988,19129.0
806,Philadelphia,,,,95.1,91.8,87.1,77304.0,3885150,College/University,1940,19102.0
807,Philadelphia,,,,97.8,83.9,78.3,88962.0,3885158,College/University,1955,19102.0
808,Philadelphia,76.0,78.0,72.0,64.1,60.7,62.4,50000.0,3885323,Office,1940,19102.0
809,Philadelphia,,,,136.0,159.5,162.5,551473.0,3890837,Mixed Use Property,1926,19111.0
810,Philadelphia,65.0,94.0,94.0,124.4,50.5,49.3,122000.0,3890976,Office,1948,19103.0
811,Philadelphia,77.0,76.0,78.0,76.6,81.8,75.3,135000.0,3890983,Office,1940,19107.0
812,Philadelphia,29.0,33.0,40.0,83.8,79.1,73.3,358386.0,3891054,Distribution Center,1965,19135.0
813,Philadelphia,,,,20.2,33.2,14.8,266700.0,3891105,Parking,1977,19107.0
814,Philadelphia,76.0,79.0,70.0,43.1,43.5,46.4,158000.0,3891212,K-12 School,1958,19124.0
815,Philadelphia,71.0,73.0,76.0,71.8,68.5,63.1,80000.0,3891321,Office,1956,19123.0
816,Philadelphia,39.0,39.0,43.0,90.1,92.3,93.7,123306.0,3891486,K-12 School,1969,19103.0
817,Philadelphia,,,,5.3,4.5,3.7,715000.0,3891490,Non-Refrigerated Warehouse,1930,19148.0
818,Philadelphia,74.0,74.0,74.0,8.7,8.7,8.7,89550.0,3892830,Non-Refrigerated Warehouse,1950,19140.0
820,Philadelphia,100.0,100.0,100.0,10.0,8.4,8.4,66000.0,3892835,Office,1984,19154.0
821,Philadelphia,100.0,100.0,100.0,12.0,12.0,12.0,64638.0,3892836,Office,1950,19116.0
822,Philadelphia,,,,56.2,53.7,45.2,39090.0,3893000,College/University,1992,19139.0
823,Philadelphia,96.0,97.0,97.0,45.0,45.0,47.7,366000.0,3893019,Senior Care Community,1981,19046.0
824,Philadelphia,,,,160.5,108.2,117.3,80106.0,3893215,Residence Hall/Dormitory,1983,19141.0
825,Philadelphia,,,,239.3,244.9,201.6,371736.0,3893226,Mixed Use Property,1904,19144.0
826,Philadelphia,,,,116.7,117.1,117.3,752611.5,3893235,College/University,1899,19144.0
827,Philadelphia,,,,68.6,49.3,50.3,104498.0,3893238,Library,1988,19144.0
828,Philadelphia,,,,112.8,113.5,110.8,117005.0,3893260,Residence Hall/Dormitory,1953,19144.0
829,Philadelphia,74.0,73.0,77.0,55.9,58.3,52.3,59600.0,3894029,Worship Facility,1928,19118.0
831,Philadelphia,48.0,44.0,46.0,125.5,130.5,126.8,665649.0,3894669,Office,1972,19103.0
832,Philadelphia,,,,5.9,6.1,5.8,423184.0,3895425,Parking,1991,19103.0
833,Philadelphia,3.0,75.0,72.0,244.4,62.2,61.5,607800.0,4547873,Hotel,1999,19106.0
834,Philadelphia,75.0,76.0,73.0,31.3,28.7,29.3,93166.0,4566549,Mixed Use Property,1940,19111.0
835,Philadelphia,,,,113.8,113.4,107.5,67050.0,4580141,Food Service,1998,19153.0
836,Philadelphia,,,,16.8,14.9,15.2,72000.0,4591757,Self-Storage Facility,1955,19152.0
837,Philadelphia,,,,218.9,97.1,94.3,111090.0,3958446,College/University,2000,19122.0
838,Philadelphia,,,,200.9,127.1,131.2,153050.0,3958447,College/University,2000,19122.0
839,Philadelphia,,,,208.1,202.4,266.8,485000.0,3958448,College/University,2000,19140.0
840,Philadelphia,83.0,35.0,64.0,5.2,15.4,8.9,56976.0,3958558,Non-Refrigerated Warehouse,1950,19131.0
841,Philadelphia,,,,10.0,10.8,6.7,93456.0,3959060,Parking,1989,19103.0
842,Philadelphia,,,,216.2,169.1,202.9,172340.0,3959476,Other - Specialty Hospital,1997,19140.0
843,Philadelphia,,,,9.4,12.6,10.7,18000.0,3959542,Self-Storage Facility,2000,19128.0
844,Philadelphia,70.0,69.0,65.0,79.6,78.3,80.5,151350.0,3898799,Hotel,2013,19107.0
845,Philadelphia,,,,963.9,100.8,93.7,331000.0,3912172,Mixed Use Property,1893,19119.0
846,Philadelphia,100.0,100.0,100.0,13.6,17.2,14.8,568000.0,3912799,Non-Refrigerated Warehouse,2001,19154.0
847,Philadelphia,,,,38.4,40.4,38.7,85000.0,3916373,Manufacturing/Industrial Plant,1966,19116.0
848,Philadelphia,,,,168.0,116.7,111.6,98388.0,3927653,Museum,2012,19130.0
849,Philadelphia,1.0,1.0,1.0,375.1,403.2,413.7,76000.0,3929883,Refrigerated Warehouse,1955,19124.0
850,Philadelphia,80.0,86.0,87.0,88.1,75.6,72.9,103560.0,3938855,Office,1929,19102.0
851,Philadelphia,,,,177.8,177.9,200.5,1205490.0,3944259,Office,1948,19130.0
852,Philadelphia,21.0,17.0,29.0,133.3,139.2,116.1,50704.0,3946509,Office,1923,19123.0
853,Philadelphia,,,,8.8,9.0,8.6,95459.0,3949158,Self-Storage Facility,2007,19140.0
854,Philadelphia,,,,105.9,99.2,95.5,111570.0,3950682,Other,1905,19134.0
855,Philadelphia,,,,30.7,43.6,42.1,51829.0,3950687,Other,1920,19124.0
856,Philadelphia,98.0,100.0,45.0,17.4,1.5,80.0,168000.0,3951344,Refrigerated Warehouse,2007,19148.0
857,Philadelphia,,,,1.2,1.5,1.7,48000.0,3951369,"Repair Services (Vehicle, Shoe, Locksmith, etc.)",1910,19137.0
858,Philadelphia,,80.0,82.0,21.4,36.7,33.4,217560.0,3952012,Non-Refrigerated Warehouse,1979,19116.0
859,Philadelphia,,,,309.2,322.0,311.8,289700.0,3952478,Medical Office,1920,19145.0
860,Philadelphia,,,,39.7,28.5,25.0,115105.0,3954287,Distribution Center,1950,19124.0
861,Philadelphia,,,,46.0,40.7,38.3,135000.0,3954376,Manufacturing/Industrial Plant,1965,19114.0
862,Philadelphia,50.0,53.0,55.0,99.2,95.8,93.2,258000.0,3954556,Hotel,2000,19131.0
863,Philadelphia,,,,233.2,170.3,181.0,360537.0,3954640,Strip Mall,1964,19154.0
864,Philadelphia,96.0,97.0,88.0,56.4,56.5,63.7,894290.0,3954641,Hotel,1980,19103.0
865,Philadelphia,,,,0.2,0.2,0.2,195154.0,3954691,Restaurant,1950,19147.0
866,Philadelphia,96.0,96.0,97.0,30.7,30.9,29.5,515140.0,3954726,Retail Store,1960,19149.0
867,Philadelphia,,,,20.4,28.8,30.5,108000.0,3955149,Distribution Center,1950,19124.0
868,Philadelphia,,,,343.9,344.2,283.7,139460.0,3955734,College/University,2000,19140.0
869,Philadelphia,,,,169.4,105.2,205.9,133302.0,3955736,College/University,1980,19140.0
870,Philadelphia,,,,160.1,173.1,132.8,203374.0,3955737,College/University,2000,19140.0
871,Philadelphia,69.0,69.0,77.0,67.3,80.2,61.4,135000.0,3956315,Office,1976,19141.0
872,Philadelphia,100.0,100.0,100.0,8.4,9.1,7.2,93000.0,3956329,Distribution Center,1950,19124.0
873,Philadelphia,,,,100.7,79.2,126.6,69093.0,3956647,College/University,2000,19121.0
874,Philadelphia,,,,515.5,456.7,479.1,169976.0,3956649,College/University,2000,19140.0
875,Philadelphia,,,,65.9,81.1,158.5,270316.0,3956655,College/University,2000,19121.0
876,Philadelphia,,,,237.5,170.5,217.5,112771.0,3956656,College/University,2000,19122.0
877,Philadelphia,,,,154.2,119.8,145.6,186123.0,3957996,College/University,2000,19122.0
878,Philadelphia,38.0,72.0,55.0,88.6,30.2,63.9,92000.0,3958048,Non-Refrigerated Warehouse,1981,19154.0
879,Philadelphia,67.0,71.0,69.0,38.4,35.1,38.0,50000.0,3958050,Non-Refrigerated Warehouse,1969,19116.0
880,Philadelphia,98.0,92.0,99.0,7.2,13.3,5.8,77576.0,3958054,Non-Refrigerated Warehouse,1970,19114.0
881,Philadelphia,,,,81.7,80.5,23.7,69000.0,3958192,Office,1987,19116.0
882,Philadelphia,,,,21.6,10.2,15.0,20000.0,3958205,Other,1987,19116.0
883,Philadelphia,45.0,46.0,68.0,42.2,42.3,34.2,99000.0,3958313,Non-Refrigerated Warehouse,1973,19154.0
884,Philadelphia,,,,433.3,371.0,295.6,117180.0,3958443,College/University,2000,19140.0
885,Philadelphia,,,,66.1,69.1,94.8,449750.0,3958445,College/University,1969,19122.0
886,Philadelphia,,,,215.6,157.3,184.0,67644.0,3979396,College/University,2000,19122.0
887,Philadelphia,,,,181.1,116.5,138.3,75931.0,3979397,College/University,2000,19122.0
888,Philadelphia,59.0,61.0,62.0,34.1,33.3,29.8,78500.0,3980064,Non-Refrigerated Warehouse,1971,19154.0
889,Philadelphia,,,,81.0,81.1,83.1,195058.0,3980474,Mixed Use Property,1868,19107.0
890,Philadelphia,,,,157.5,141.6,137.9,60160.0,3981473,Prison/Incarceration,1919,19124.0
891,Philadelphia,,,,119.0,73.7,165.2,217526.0,3983809,College/University,2000,19122.0
892,Philadelphia,,,,194.4,138.7,171.3,130655.0,3983810,College/University,2000,19122.0
893,Philadelphia,,,,192.4,83.0,149.0,181566.0,3983811,College/University,2000,19122.0
894,Philadelphia,,,,291.5,181.6,380.0,233240.0,3983812,College/University,2000,19122.0
895,Philadelphia,,,,195.9,128.8,170.0,159000.0,3983813,College/University,2000,19122.0
896,Philadelphia,,,,185.7,132.8,192.0,160325.0,3983896,College/University,2000,19122.0
897,Philadelphia,,,,169.8,190.1,229.0,74630.0,3983897,College/University,2000,19122.0
898,Philadelphia,,,,85.1,82.4,73.6,52800.0,3989162,Other,2003,19153.0
899,Philadelphia,,,,71.9,70.7,55.5,114073.0,3989764,Mixed Use Property,1900,19131.0
900,Philadelphia,,,,12.3,10.6,10.0,71945.0,3989904,Self-Storage Facility,2005,19111.0
901,Philadelphia,100.0,100.0,100.0,18.4,18.4,18.5,57200.0,3959812,K-12 School,1918,19121.0
902,Philadelphia,,,,95.8,94.7,93.9,93000.0,3959844,Fitness Center/Health Club/Gym,1989,19102.0
903,Philadelphia,,,,37.7,43.4,38.5,98000.0,3959886,Adult Education,1988,19116.0
904,Philadelphia,19.0,12.0,7.0,68.2,72.9,82.1,71600.0,3960550,K-12 School,2012,19136.0
905,Philadelphia,,,,34.1,18.5,25.8,60000.0,3962326,Retail Store,1945,19124.0
906,Philadelphia,43.0,45.0,47.0,122.6,119.1,120.6,75080.0,3963240,Senior Care Community,1967,19115.0
907,Philadelphia,,,,5.3,5.2,4.5,125000.0,3963466,Non-Refrigerated Warehouse,1950,19135.0
908,Philadelphia,76.0,51.0,72.0,50.7,69.5,53.9,68631.0,3963826,Office,1920,19106.0
909,Philadelphia,99.0,96.0,100.0,7.9,12.9,4.0,65000.0,3963906,Non-Refrigerated Warehouse,1945,19134.0
910,Philadelphia,82.0,73.0,69.0,25.9,32.7,32.5,183550.0,3963980,Distribution Center,1929,19129.0
911,Philadelphia,91.0,91.0,,15.9,15.9,16.0,66600.0,3965369,Non-Refrigerated Warehouse,1996,19116.0
912,Philadelphia,,,,137.4,142.4,141.4,120576.0,3965450,College/University,2000,19122.0
913,Philadelphia,,,,345.2,251.1,306.5,421938.0,3965451,College/University,1990,19122.0
914,Philadelphia,,,,28.6,42.2,37.5,87756.0,3965468,Adult Education,1915,19132.0
915,Philadelphia,47.0,58.0,27.0,209.9,199.2,250.7,103361.0,3965683,Medical Office,2000,19140.0
916,Philadelphia,,,,166.8,82.5,108.1,207802.0,3965855,College/University,2000,19122.0
917,Philadelphia,,,,289.0,130.1,316.4,174700.0,3965856,College/University,2000,19122.0
918,Philadelphia,,,,155.0,160.9,211.9,58020.0,3966438,College/University,2000,19122.0
919,Philadelphia,,,,228.5,148.5,316.5,117253.0,3966439,College/University,2000,19122.0
920,Philadelphia,,,,172.5,101.1,195.4,184644.0,3966440,College/University,2000,19122.0
921,Philadelphia,92.0,91.0,92.0,58.9,61.7,60.0,539500.0,3966677,Office,1928,19132.0
922,Philadelphia,47.0,100.0,70.0,49.5,5.5,18.2,77500.0,3966762,Non-Refrigerated Warehouse,1984,19006.0
923,Philadelphia,,,,40.5,39.2,6.6,70814.0,3966799,Non-Refrigerated Warehouse,1970,19154.0
924,Philadelphia,80.0,78.0,54.0,316.1,322.8,325.4,75488.0,3966890,Supermarket/Grocery Store,2013,19129.0
925,Philadelphia,92.0,95.0,98.0,23.7,22.1,16.9,58740.0,3967891,Refrigerated Warehouse,1950,19125.0
926,Philadelphia,93.0,94.0,91.0,159.9,153.2,155.0,344000.0,3969865,Hospital (General Medical & Surgical),2000,19140.0
927,Philadelphia,,,,856.9,701.0,632.3,168651.0,3969866,College/University,2000,19122.0
928,Philadelphia,,,,87.9,84.7,95.9,68967.0,3970936,Museum,1909,19103.0
929,Philadelphia,,,,117.5,112.5,114.6,146912.0,3971353,Other - Specialty Hospital,1981,19102.0
930,Philadelphia,,,,4.5,5.3,3.9,97029.0,3971641,Other - Mall,1972,19142.0
931,Philadelphia,,,,2557.3,2595.0,2501.4,530000.0,3974305,Manufacturing/Industrial Plant,1800,19127.0
932,Philadelphia,89.0,18.0,30.0,39.0,66.6,55.2,81342.0,3975541,K-12 School,1925,19123.0
933,Philadelphia,,,,57.4,53.3,45.5,60000.0,3975948,Mailing Center/Post Office,2000,19116.0
934,Philadelphia,97.0,95.0,97.0,24.4,27.4,25.4,75000.0,3977128,K-12 School,1932,19114.0
935,Philadelphia,,,,8.6,7.2,6.3,100000.0,3977234,Non-Refrigerated Warehouse,1800,19121.0
936,Philadelphia,,,,105.1,80.3,88.7,220700.0,3979389,College/University,2000,19122.0
937,Philadelphia,,,,304.5,299.5,663.3,86182.0,3979390,College/University,2000,19122.0
938,Philadelphia,,,,188.1,129.9,94.2,110605.0,3979395,College/University,2000,19122.0
939,Philadelphia,,,,14.5,15.7,11.0,58500.0,3989965,Self-Storage Facility,2005,19135.0
940,Philadelphia,,,,13.6,13.2,12.2,59850.0,3989966,Self-Storage Facility,2005,19124.0
941,Philadelphia,,,,14.9,13.3,11.8,67500.0,3989967,Self-Storage Facility,2005,19144.0
942,Philadelphia,,,,16.1,16.4,18.3,56873.0,3989968,Self-Storage Facility,2007,19122.0
943,Philadelphia,52.0,1.0,53.0,199.9,287.9,202.4,473062.0,4470406,Hospital (General Medical & Surgical),1921,19118.0
944,Philadelphia,,98.0,98.0,77.1,74.1,73.5,1000825.0,3994744,K-12 School,1848,19121.0
945,Philadelphia,,,,287.1,283.1,310.6,129260.0,3995355,College/University,2000,19140.0
946,Philadelphia,2.0,3.0,4.0,393.4,374.0,344.7,1043288.0,3997483,Hospital (General Medical & Surgical),2000,19140.0
947,Philadelphia,,,,92.0,84.2,87.2,141320.0,4020021,Parking,1981,19103.0
948,Philadelphia,1.0,79.0,78.0,259.4,92.1,85.9,48129.0,4471836,Office,1916,19112.0
949,Philadelphia,75.0,84.0,33.0,65.6,58.4,92.3,315213.3,4478915,K-12 School,1851,19130.0
950,Philadelphia,14.0,17.0,55.0,62.9,67.2,46.3,150000.0,4479713,K-12 School,1999,19102.0
951,Philadelphia,,,,0.5,0.4,0.5,125000.0,4051453,Non-Refrigerated Warehouse,1925,19140.0
952,Philadelphia,71.0,80.0,71.0,40.6,28.1,37.3,70000.0,4056969,Distribution Center,1965,19154.0
953,Philadelphia,14.0,21.0,25.0,179.2,145.2,129.8,118867.0,4059761,Wholesale Club/Supercenter,2004,19145.0
954,Philadelphia,,,,1.7,1.8,1.8,1044206.0,4066290,Strip Mall,1962,19115.0
955,Philadelphia,,,,82.3,28.4,21.0,100383.0,4066664,Museum,1995,19106.0
956,Philadelphia,61.0,68.0,67.0,42.1,30.3,30.4,507587.0,4068971,Distribution Center,2004,19114.0
957,Philadelphia,,,,31.2,40.2,38.1,150000.0,4082877,Mixed Use Property,1925,19124.0
958,Philadelphia,32.0,31.0,33.0,67.5,67.5,61.8,199000.0,4083183,Distribution Center,2000,19154.0
959,Philadelphia,3.0,33.0,34.0,170.9,108.9,107.6,53115.0,4084040,Office,1903,19112.0
960,Philadelphia,68.0,89.0,94.0,17.5,9.4,6.2,50000.0,4092042,Distribution Center,1900,19132.0
961,Philadelphia,90.0,61.0,53.0,20.0,31.3,33.8,137000.0,4094880,Worship Facility,1927,19123.0
962,Philadelphia,,,,33.4,32.8,30.4,150000.0,4096072,Self-Storage Facility,1950,19104.0
963,Philadelphia,100.0,97.0,74.0,2.8,4.9,12.4,52782.0,4096196,Non-Refrigerated Warehouse,1960,19120.0
964,Philadelphia,,,,195.7,173.7,157.9,325133.0,4096299,Office,1916,19103.0
965,Philadelphia,,,,52.2,58.4,62.2,107076.0,4096814,Non-Refrigerated Warehouse,1978,19153.0
966,Philadelphia,24.0,22.0,31.0,98.4,102.3,97.7,75972.0,4096892,Senior Care Community,1978,19104.0
967,Philadelphia,88.0,88.0,88.0,21.4,20.7,18.3,130500.0,4102725,Non-Refrigerated Warehouse,1954,19116.0
968,Philadelphia,87.0,86.0,80.0,7.8,8.2,9.7,130000.0,4104348,Distribution Center,1930,19134.0
969,Philadelphia,46.0,63.0,67.0,58.9,51.7,48.0,57434.0,4115611,K-12 School,1930,19131.0
970,Philadelphia,55.0,62.0,62.0,63.1,54.6,53.5,385000.0,4123417,Non-Refrigerated Warehouse,1969,19153.0
971,Philadelphia,39.0,36.0,58.0,103.9,109.5,79.1,59000.0,4123946,K-12 School,1935,19123.0
972,Philadelphia,57.0,63.0,61.0,52.4,47.4,45.3,67795.0,4123955,K-12 School,1959,19125.0
973,Philadelphia,5.0,9.0,8.0,83.5,72.6,69.4,71275.0,4123961,K-12 School,1957,19137.0
974,Philadelphia,31.0,26.0,43.0,72.3,77.2,62.2,62251.0,4124433,K-12 School,1899,19134.0
975,Philadelphia,,36.0,46.0,59.1,55.5,41.7,260552.0,4125760,Distribution Center,2001,19146.0
976,Philadelphia,29.0,25.0,49.0,94.3,101.3,75.1,66482.0,4126295,K-12 School,1929,19149.0
977,Philadelphia,92.0,90.0,91.0,15.5,17.4,14.0,115000.0,4136009,Distribution Center,1910,19143.0
978,Philadelphia,70.0,69.0,61.0,84.9,86.5,94.8,150681.0,4141032,Office,2003,19123.0
979,Philadelphia,,,,16.9,15.9,24.8,99140.0,4142072,Self-Storage Facility,1907,19147.0
980,Philadelphia,87.0,87.0,90.0,41.2,41.1,38.0,50286.0,4142231,K-12 School,1909,19146.0
981,Philadelphia,60.0,69.0,79.0,129.6,117.7,102.9,61320.0,4193921,K-12 School,1910,19129.0
982,Minneapolis,,0.0,0.0,10.1,10.0,10.0,720000.0,915 LaSalle Avenue,Parking,2001,55403
983,Minneapolis,94.0,95.0,95.0,63.2,60.0,59.0,680000.0,350 South 5th Street,Office,1895,55415
984,Minneapolis,40.0,37.0,37.0,149.5,164.0,161.0,47833.0,309 2nd Avenue South,Office,1958,55401
985,Minneapolis,,0.0,0.0,104.3,87.0,86.0,171200.0,1200 Currie Ave North,Other - Services,1980,55403
986,Minneapolis,,0.0,0.0,59.6,60.0,60.0,42581.0,25 37th Avenue NE,Other,2010,55421
987,Minneapolis,,0.0,0.0,26.9,26.0,21.0,210000.0,333 3rd Avenue South,Parking,1997,55415
988,Minneapolis,,0.0,0.0,80.8,76.0,76.0,27160.0,121 E 15TH ST,Fire Station,1980,55403
989,Minneapolis,,0.0,0.0,32.6,32.0,0.0,520000.0,424 4th Street South,Parking,1993,55415
990,Minneapolis,,0.0,0.0,160.5,161.0,131.0,41326.0,4131 Dupont Avenue North,Office,1960,55412
991,Minneapolis,,0.0,0.0,14.3,14.0,17.0,350000.0,25 South 11th Street,Parking,2003,55403
992,Minneapolis,,0.0,0.0,75.2,70.0,71.0,53364.0,6036 Harriet Avenue South,"Repair Services (Vehicle, Shoe, Locksmith, etc.)",1959,55419
993,Minneapolis,,0.0,0.0,20.8,22.0,21.0,1260000.0,31 North 9th Street,Parking,1999,55403
994,Minneapolis,,0.0,0.0,13.0,12.0,14.0,1400000.0,1001 2nd Avenue South,Parking,1991,55403
995,Minneapolis,,0.0,0.0,6.7,7.0,7.0,240000.0,711 South 2nd Street,Parking,2005,55403
996,Minneapolis,,0.0,0.0,86.9,86.0,86.0,1500000.0,1301 second Avenue South,Convention Center,1989,55403
997,Minneapolis,,0.0,0.0,22.0,23.0,24.0,478000.0,1111 Marquette Avenue South,Parking,1976,55403
998,Minneapolis,,0.0,0.0,6.4,23.0,24.0,478000.0,1111 Marquette Avenue South,Parking,1976,55403
999,Minneapolis,,0.0,0.0,22.0,6.0,24.0,478000.0,1111 Marquette Avenue South,Parking,1976,55403
1000,Minneapolis,,0.0,0.0,6.4,6.0,24.0,478000.0,1111 Marquette Avenue South,Parking,1976,55403
1001,Minneapolis,,0.0,0.0,22.0,23.0,9.0,296000.0,1111 Marquette Avenue South,Parking,1989,55403
1002,Minneapolis,,0.0,0.0,6.4,23.0,9.0,296000.0,1111 Marquette Avenue South,Parking,1989,55403
1003,Minneapolis,,0.0,0.0,22.0,6.0,9.0,296000.0,1111 Marquette Avenue South,Parking,1989,55403
1004,Minneapolis,,0.0,0.0,6.4,6.0,9.0,296000.0,1111 Marquette Avenue South,Parking,1989,55403
1005,Minneapolis,,0.0,0.0,19.7,20.0,23.0,638000.0,117 South 12th Street,Parking,1989,55403
1006,Minneapolis,,0.0,0.0,103.4,103.0,103.0,33761.0,3000 Minnehaha Avenue,Police Station,2005,55406
1007,Minneapolis,,0.0,0.0,99.8,112.0,111.0,25319.0,1925 Plymouth Avenue North,Police Station,1988,55411
1008,Minneapolis,53.0,55.0,53.0,130.4,137.0,140.0,93010.0,250 South 4th Street,Office,1957,55401
1009,Minneapolis,,0.0,0.0,10.3,10.0,11.0,500000.0,212 9th Avenue South,Parking,2005,55403
1010,Minneapolis,,0.0,0.0,98.9,97.0,104.0,71029.0,661 5th Avenue North,"Repair Services (Vehicle, Shoe, Locksmith, etc.)",1998,55405
1011,Minneapolis,,0.0,0.0,30.3,31.0,31.0,900000.0,318 2nd Avenue North,Parking,1993,55403
1012,Minneapolis,,0.0,0.0,21.2,19.0,20.0,1236000.0,516 2nd Avenue North,Parking,1989,55403
1013,Minneapolis,,0.0,0.0,9.5,10.0,10.0,3300000.0,101 North 9th Street,Parking,1991,55403
1014,Minneapolis,,0.0,0.0,58.8,66.0,68.0,61416.0,300 Border Avenue,Other - Public Services,1962,55405
1015,Minneapolis,,0.0,0.0,29.1,28.0,0.0,230000.0,727 Vineland,Parking,2004,55403
1016,Minneapolis,,0.0,0.0,338.0,327.0,347.0,650000.0,4500 Marshall Street NE,Drinking Water Treatment & Distribution,1930,55421
1017,Minneapolis,87.0,88.0,90.0,79.3,79.0,78.0,129674.0,1800 Chicago S.,Office,1996,55404
1018,Minneapolis,,0.0,0.0,49.3,50.0,52.0,539487.0,300 Nicolet Mall,Library,2004,55401
1019,Minneapolis,100.0,98.0,99.0,32.0,58.0,57.0,504309.0,330 south 12th st,Office,1934,55404
1020,Minneapolis,97.0,97.0,97.0,55.1,56.0,57.0,277226.0,110 S. 4th St.,Courthouse,1956,55415
1021,Minneapolis,,3.0,4.0,230.1,224.0,230.0,84180.0,530 Chicago Avenue South,Medical Office,1974,55415
1022,Minneapolis,79.0,83.0,85.0,98.3,91.0,91.0,1446196.0,300 S. Sixth,Courthouse,1974,55487
1023,Minneapolis,99.0,99.0,99.0,50.7,52.0,53.0,198739.0,525 Portland Ave South,Office,1989,55415
1024,Minneapolis,92.0,91.0,95.0,178.5,188.0,176.0,2905169.0,701 Park Avenue,Hospital (General Medical & Surgical),1976,55415
1025,Minneapolis,,0.0,0.0,87.3,75.0,86.0,62192.0,1901 East 26th Street,"Repair Services (Vehicle, Shoe, Locksmith, etc.)",2010,55404
1026,Minneapolis,,0.0,0.0,81.9,80.0,78.0,199219.0,626 S. Sixth,Prison/Incarceration,1983,55415
1027,Minneapolis,83.0,81.0,78.0,64.3,66.0,69.0,143426.0,1313 Penn Ave N,Medical Office,1995,55411
1028,Minneapolis,,0.0,0.0,68.0,69.0,73.0,58248.0,1315 Lowry Avenue North,Library,1971,55411
1029,Minneapolis,,0.0,0.0,123.9,128.0,124.0,432776.0,401 4 Ave South,Prison/Incarceration,2001,55415
1030,Minneapolis,28.0,17.0,23.0,150.6,153.0,146.0,124408.0,2810 Nicollet Ave. South,Medical Office,2008,55415
1031,Minneapolis,34.0,41.0,58.0,80.7,83.0,75.0,233557.0,2727 10th Ave S,K-12 School,1976,55407
1032,Minneapolis,65.0,64.0,66.0,83.0,91.0,92.0,139806.0,5757 Irving Ave S,K-12 School,1957,55419
1033,Minneapolis,86.0,91.0,91.0,47.6,49.0,49.0,173507.0,256 Upton Ave S,K-12 School,1960,55405
1034,Minneapolis,75.0,77.0,82.0,77.4,85.0,84.0,91500.0,2501 West 56th Street,K-12 School,1952,55410
1035,Minneapolis,53.0,31.0,50.0,92.8,110.0,93.0,79267.0,1315 East 38th Street,K-12 School,1925,55407
1036,Minneapolis,68.0,70.0,65.0,75.7,82.0,84.0,83752.0,4237 Colfax Ave S,K-12 School,1925,55409
1037,Minneapolis,34.0,75.0,27.0,103.0,77.0,103.0,102658.0,252 Upton Avenue South,K-12 School,1962,55405
1038,Minneapolis,76.0,85.0,83.0,63.8,59.0,63.0,162320.0,1601 West 50th Street,K-12 School,2002,55419
1039,Minneapolis,77.0,70.0,73.0,54.1,62.0,61.0,132372.0,3350 4th Street North,K-12 School,1999,55412
1040,Minneapolis,98.0,96.0,97.0,34.7,52.0,45.0,237742.0,1250 West Braodway,Office,2013,55411
1041,Minneapolis,63.0,70.0,66.0,108.2,111.0,124.0,90776.0,3900 West River Parkway,K-12 School,2007,55406
1042,Minneapolis,69.0,79.0,86.0,74.9,74.0,68.0,279550.0,700 22nd Ave NE,K-12 School,1925,55418
1043,Minneapolis,60.0,71.0,75.0,106.3,107.0,104.0,61733.0,1421 Spruce Place,K-12 School,1925,55403
1044,Minneapolis,63.0,37.0,73.0,89.1,107.0,91.0,81171.0,4645 4th Ave South,K-12 School,1925,55409
1045,Minneapolis,94.0,60.0,75.0,24.7,79.0,65.0,140629.0,3611 20th Ave S.,K-12 School,1945,55411
1046,Minneapolis,98.0,99.0,100.0,50.3,50.0,41.0,120735.0,3416 4th Ave S,K-12 School,1993,55408
1047,Minneapolis,53.0,67.0,63.0,94.5,96.0,101.0,81807.0,1220 East 54th Street,K-12 School,1930,55417
1048,Minneapolis,57.0,48.0,72.0,94.9,116.0,96.0,81030.0,1601 Aldrich Ave N,K-12 School,1960,55411
1049,Minneapolis,88.0,88.0,92.0,66.6,73.0,67.0,54793.0,501 Irving Ave N,K-12 School,1998,55405
1050,Minneapolis,73.0,45.0,77.0,75.7,97.0,85.0,240121.0,4320 Newton Ave N,K-12 School,1926,55412
1051,Minneapolis,20.0,35.0,53.0,199.3,211.0,191.0,40888.0,4201 42nd Ave S,K-12 School,1925,55406
1052,Minneapolis,74.0,81.0,75.0,77.1,81.0,88.0,156450.0,1200 West 26th Street,K-12 School,1925,55405
1053,Minneapolis,53.0,73.0,56.0,73.3,61.0,77.0,96693.0,5025 Bryant Avenue North,K-12 School,1995,55413
1054,Minneapolis,8.0,5.0,27.0,130.9,151.0,98.0,123293.0,1501 30th Ave N,K-12 School,1999,55430
1055,Minneapolis,45.0,48.0,44.0,87.2,93.0,106.0,87000.0,5209 30th Ave S,K-12 School,1934,55417
1056,Minneapolis,60.0,74.0,74.0,102.9,105.0,105.0,61776.0,5720 Emerson Ave S,K-12 School,1954,55419
1057,Minneapolis,87.0,85.0,92.0,65.1,74.0,66.0,67300.0,2013 Penn Ave S,K-12 School,1925,55405
1058,Minneapolis,17.0,86.0,79.0,168.5,73.0,86.0,69000.0,4030 Chowen Ave S,K-12 School,1925,55410
1059,Minneapolis,66.0,69.0,70.0,98.8,108.0,113.0,77238.0,4912 Vincent Ave S,K-12 School,1925,55410
1060,Minneapolis,93.0,13.0,35.0,18.4,95.0,102.0,155831.0,2131 12th Ave N,K-12 School,1952,55411
1061,Minneapolis,18.0,25.0,24.0,160.5,171.0,178.0,42733.0,3017 E 31st Street,K-12 School,1925,55406
1062,Minneapolis,73.0,83.0,82.0,95.1,97.0,100.0,60096.0,2600 44th Ave N,K-12 School,1928,55412
1063,Minneapolis,53.0,55.0,71.0,84.6,91.0,77.0,111726.0,3333 Penn Ave N,K-12 School,2000,55412
1064,Minneapolis,92.0,89.0,81.0,44.4,51.0,64.0,97506.0,3333 Grand Ave S,K-12 School,1966,55408
1065,Minneapolis,76.0,76.0,78.0,73.0,77.0,77.0,78957.0,415 4th Ave SE,K-12 School,1992,55414
1066,Minneapolis,44.0,60.0,67.0,80.6,76.0,73.0,125150.0,807 27th Ave N,K-12 School,2001,55411
1067,Minneapolis,9.0,8.0,34.0,122.6,131.0,88.0,290000.0,1500 James Ave N,K-12 School,1972,55411
1068,Minneapolis,28.0,31.0,46.0,124.0,131.0,117.0,176336.0,2955 Hayes Street NE,K-12 School,1956,55418
1069,Minneapolis,69.0,71.0,70.0,87.3,98.0,105.0,57874.0,4315 31st Ave S,K-12 School,2007,55406
1070,Minneapolis,98.0,12.0,10.0,13.9,156.0,161.0,73143.0,812 Plymouth Ave.,Refrigerated Warehouse,1974,55411
1071,Minneapolis,69.0,47.0,62.0,88.0,114.0,100.0,134959.0,1607 51st Ave N,K-12 School,1962,55430
1072,Minneapolis,68.0,80.0,84.0,73.8,73.0,69.0,87705.0,2250 Garfield Street NE,K-12 School,1991,55418
1073,Minneapolis,38.0,86.0,79.0,109.4,84.0,88.0,403234.0,201 West 49th Street,K-12 School,1925,55409
1074,Minneapolis,69.0,79.0,76.0,88.1,88.0,92.0,324718.0,4029 28th Ave S,K-12 School,1925,55406
1075,Minneapolis,52.0,68.0,53.0,107.7,103.0,108.0,132893.0,3524 42nd Ave S,K-12 School,1926,55406
1076,Minneapolis,80.0,82.0,66.0,64.9,73.0,93.0,79692.0,2309 28th Ave S,K-12 School,1965,55406
1077,Minneapolis,35.0,43.0,60.0,103.9,115.0,101.0,148005.0,1201 University Ave NE,K-12 School,1932,55413
1078,Minneapolis,51.0,45.0,55.0,85.6,94.0,91.0,283094.0,3131 19th Ave S,K-12 School,1968,55407
1079,Minneapolis,53.0,58.0,71.0,80.2,81.0,71.0,214421.0,3100 E 28th Street,K-12 School,1991,55406
1080,Minneapolis,68.0,68.0,73.0,70.1,75.0,74.0,94282.0,1510 Glenwood Ave,K-12 School,1995,55405
1081,Minneapolis,67.0,62.0,61.0,95.4,115.0,120.0,44827.0,5625 23rd Ave S,K-12 School,1952,55417
1082,Minneapolis,82.0,80.0,84.0,54.4,59.0,56.0,142460.0,315 West 26th Street,K-12 School,1997,55404
1083,Minneapolis,60.0,51.0,45.0,79.2,94.0,98.0,205536.0,3345 Chicago Ave,K-12 School,1975,55407
1084,Minneapolis,61.0,61.0,82.0,85.5,96.0,75.0,73618.0,5821 Wentworth Ave S,K-12 School,1925,55419
1085,Minneapolis,,0.0,0.0,100.1,100.0,109.0,7097.0,2500 57th St W,Fitness Center/Health Club/Gym,1978,55410
1086,Minneapolis,,0.0,0.0,104.2,99.0,109.0,6177.0,1320 29th Ave NE,Other - Entertainment/Public Assembly,1978,55418
1087,Minneapolis,,0.0,0.0,95.4,97.0,109.0,13760.0,2000 2nd St NE,Fitness Center/Health Club/Gym,2001,55418
1088,Minneapolis,,0.0,0.0,54.8,53.0,63.0,5314.0,2728 39th Ave S,Other - Entertainment/Public Assembly,1999,55406
1089,Minneapolis,,0.0,0.0,118.1,118.0,123.0,5855.0,3332 20th Ave S,Other - Entertainment/Public Assembly,1977,55407
1090,Minneapolis,,0.0,0.0,87.3,77.0,77.0,6068.0,5001 Irving Ave N,Other - Entertainment/Public Assembly,1976,55430
1091,Minneapolis,,0.0,0.0,93.4,89.0,97.0,7215.0,1000 14th St E,Other - Entertainment/Public Assembly,1961,55404
1092,Minneapolis,,0.0,0.0,98.3,95.0,97.0,18688.0,621 29th Ave N,Other - Entertainment/Public Assembly,1976,55411
1093,Minneapolis,,0.0,0.0,147.1,137.0,120.0,6314.0,3030 53rd St E,Other - Entertainment/Public Assembly,1972,55417
1094,Minneapolis,,0.0,0.0,192.4,196.0,194.0,2456.0,1328 58th St W,Other - Entertainment/Public Assembly,1962,55419
1095,Minneapolis,,0.0,0.0,73.7,79.0,81.0,5956.0,2101 Franklin Ave W,Other - Entertainment/Public Assembly,1983,55405
1096,Minneapolis,,0.0,0.0,124.3,129.0,125.0,3970.0,2701 44th St E,Other - Entertainment/Public Assembly,1977,55406
1097,Minneapolis,,0.0,0.0,84.4,72.0,66.0,13769.0,2401 E Minnehaha Pkwy,Other - Entertainment/Public Assembly,1975,55417
1098,Minneapolis,,0.0,0.0,67.4,65.0,67.0,16396.0,3435 36th Ave S,Other - Entertainment/Public Assembly,1962,55406
1099,Minneapolis,,0.0,0.0,135.2,144.0,0.0,5164.0,1382 Willow St,Other - Entertainment/Public Assembly,1906,55403
1100,Minneapolis,,0.0,0.0,119.6,130.0,133.0,15400.0,112 Williams Ave SE,Other - Entertainment/Public Assembly,1969,55414
1101,Minneapolis,,0.0,0.0,82.7,73.0,76.0,15446.0,1345 West Minnehaha Pkwy,Other - Entertainment/Public Assembly,1971,55419
1102,Minneapolis,,0.0,0.0,120.7,127.0,131.0,7846.0,2318 29th Ave S,Other - Entertainment/Public Assembly,1968,55406
1103,Minneapolis,,0.0,0.0,126.8,116.0,116.0,7839.0,906 47th St E,Other - Entertainment/Public Assembly,1955,55407
1104,Minneapolis,,0.0,0.0,75.6,77.0,81.0,4593.0,5531 39th Ave S,Other - Entertainment/Public Assembly,1956,55417
1105,Minneapolis,,0.0,78.0,62.2,56.0,74.0,175327.0,2117 W River Rd,Office,2001,55411
1106,Minneapolis,,0.0,0.0,117.0,111.0,111.0,5787.0,620 34th St W,Other - Entertainment/Public Assembly,1976,55408
1107,Minneapolis,,0.0,0.0,90.9,89.0,90.0,11934.0,414 Diamond Lake Rd E,Other - Entertainment/Public Assembly,1967,55419
1108,Minneapolis,,0.0,0.0,145.7,197.0,154.0,1865.0,730 22nd St E,Other - Entertainment/Public Assembly,1992,55404
1109,Minneapolis,,0.0,0.0,102.0,97.0,0.0,20363.0,3400 15th Ave S,Other - Entertainment/Public Assembly,1972,55407
1110,Minneapolis,,0.0,0.0,137.2,127.0,132.0,7732.0,1900 40th St E,Other - Entertainment/Public Assembly,1973,55407
1111,Minneapolis,,0.0,0.0,130.1,128.0,120.0,13266.0,901 15th Ave SE,Other - Entertainment/Public Assembly,1970,55414
1112,Minneapolis,,0.0,0.0,143.0,139.0,139.0,7549.0,2600 Grand Ave S,Fitness Center/Health Club/Gym,1974,55408
1113,Minneapolis,,0.0,0.0,158.2,138.0,150.0,3880.0,2251 Hayes St NE,Other - Entertainment/Public Assembly,1991,55418
1114,Minneapolis,96.0,97.0,97.0,50.4,51.0,46.0,770894.0,100 Washington Ave S,Office,1980,55401
1115,Minneapolis,45.0,43.0,48.0,61.2,62.0,60.0,132000.0,1200 Marquette Ave,Worship Facility,1897,55403
1116,Minneapolis,69.0,67.0,61.0,89.9,89.0,108.0,279745.0,1313 Nicollet Mall,Hotel,1963,55403
1117,Minneapolis,63.0,68.0,68.0,98.8,94.0,97.0,195000.0,1500 Washington Ave S,Hotel,1984,55454
1118,Minneapolis,,0.0,0.0,72.2,66.0,62.0,159980.0,2101 Kennedy St NE,Office,1919,55413
1119,Minneapolis,,0.0,0.0,71.0,84.0,87.0,234555.0,2300 Chicago Ave,Mixed Use Property,1951,55404
1120,Minneapolis,,0.0,0.0,137.0,129.0,130.0,294230.0,2414 7th St S,Outpatient Rehabilitation/Physical Therapy,1975,55454
1121,Minneapolis,95.0,95.0,96.0,128.6,133.0,129.0,666270.0,250 Marquette Ave,Office,1972,55401
1122,Minneapolis,,0.0,0.0,112.1,105.0,101.0,150639.0,2500 6th St S,College/University,1924,55402
1123,Minneapolis,,0.0,0.0,5.2,5.0,4.0,3261778.0,2701 Elliot Ave,Parking,1980,55407
1124,Minneapolis,99.0,88.0,94.0,52.7,68.0,67.0,1065676.0,2701 Wells Fargo Way,Office,1912,55408
1125,Minneapolis,99.0,88.0,87.0,52.7,68.0,71.0,228894.0,2701 Wells Fargo Way,Office,2004,55408
1126,Minneapolis,86.0,89.0,97.0,114.9,112.0,55.0,444541.0,2929 Chicago Ave,Office,1927,55407
1127,Minneapolis,,0.0,0.0,72.3,67.0,70.0,119970.0,528 Hennepin Ave,Performing Arts,1888,55403
1128,Minneapolis,64.0,58.0,70.0,98.7,107.0,95.0,1518974.0,608 2nd Ave S,Office,1916,55402
1129,Minneapolis,34.0,10.0,15.0,113.2,158.0,168.0,199323.0,651 Nicollet Mall,Office,1989,55402
1130,Minneapolis,76.0,78.0,82.0,79.7,77.0,72.0,1235912.0,700 Nicollet Mall,Retail Store,1902,55402
1131,Minneapolis,,0.0,0.0,85.2,96.0,101.0,101000.0,711 Hennepin Ave,Mixed Use Property,1972,55403
1132,Minneapolis,84.0,86.0,89.0,80.6,73.0,74.0,1183471.0,800 Nicollet Mall,Office,2000,55402
1133,Minneapolis,,0.0,0.0,99.1,86.0,96.0,475776.0,818 Dunwoody Blvd,College/University,1914,55403
1134,Minneapolis,,0.0,0.0,97.8,108.0,103.0,130000.0,900 4th St N,Other - Lodging/Residential,1860,55401
1135,Minneapolis,,0.0,0.0,60.6,61.0,58.0,117144.0,910 Elliot Ave,College/University,1900,55404
